1	0	Î‘Î“Î‘Î˜ÎŸÎ”Î‘Î™ÎœÎ©Î	PROPN	Ne	Case=Nom|Gender=Masc|Number=Sing	Î‘Î“Î‘Î˜ÎŸÎ”Î‘Î™ÎœÎ©Î	vocative	10
1	1	Î•Î™Î£	ADP	R-		Î•Î™Î£	case	3
1	2	Î¤ÎŸÎ	DET	S-	Case=Acc|Definite=Def|Gender=Masc|Number=Sing|PronType=Dem	Î¤ÎŸÎ	det	3
1	3	Î§Î¡Î—Î£ÎœÎŸÎ	NOUN	Nb	Case=Acc|Gender=Masc|Number=Sing	Î§Î¡Î—Î£ÎœÎŸÎ	dep	5
1	4	ÎŸÎ¡Î¦Î•Î©Î£	NOUN	Nb	Case=Gen|Gender=Masc|Number=Sing	ÎŸÎ¡Î¦Î•Î©Î£	nmod	5
1	5	Î£Î¥ÎÎ‘Î“Î©Î“Î—	NOUN	Nb	Case=Nom|Gender=Fem|Number=Sing	Î£Î¥ÎÎ‘Î“Î©Î“Î—	appos	0
1	6	ÎšÎ‘Î™	CCONJ	C-		ÎšÎ‘Î™	cc	5
1	7	Î¥Î—ÎŸÎœÎÎ—ÎœÎ‘	NOUN	Nb	Case=Nom|Gender=Neut|Number=Sing	Î¥Î—ÎŸÎœÎÎ—ÎœÎ‘	conj	5
1	8	á¼ˆÎ³Î±Î¸Î¿Î´Î±Î¯Î¼Ï‰Î½	PROPN	A-	Case=Nom|Gender=Fem|Number=Sing	á¼ˆÎ³Î±Î¸Î¿Î´Î±Î¯Î¼Ï‰Î½	appos	5
1	9	á½ˆÏƒÎ¹ÏÎ¯Î´ÎµÎ¹	PROPN	Ne	Case=Dat|Gender=Masc|Number=Sing	á½ˆÏƒÎ¹ÏÎ¯Î´Î·Ï‚	iobj	10
1	10	Ï‡Î±Î¯ÏÎµÎ¹Î½	VERB	V-	Tense=Pres|VerbForm=Inf|Voice=Act	Ï‡Î±Î¯ÏÏ‰	ROOT	10
1	11	.	PUNCT	Z		.	punct	10
1	12	á¼¬Î´Î·	ADV	Df		á¼¤Î´Î·	advmod	17
1	13	ÏƒÎ¿Î¹	PRON	Pp	Case=Dat|Gender=Masc|Number=Sing|Person=2|PronType=Prs	ÏƒÏ	iobj	17
1	14	Ï„Î¿á¿¦Ï„Î¿	DET	Pd	Case=Acc|Gender=Neut|Number=Sing	Î¿á½—Ï„Î¿Ï‚	det	16
1	15	Ï„Î­Ï„Î±ÏÏ„Î¿Î½	ADJ	Mo	Case=Acc|Gender=Masc,Neut|Number=Sing	Ï„Î­Ï„Î±ÏÏ„Î¿Ï‚	nmod	16
1	16	Î²Î¹Î²Î»Î¯Î¿Î½	NOUN	Nb	Case=Acc|Gender=Neut|Number=Sing	Î²Î¹Î²Î»Î¯Î¿Î½	obj	17
1	17	Î³ÏÎ¬Ï†Ï‰	VERB	V-	Mood=Ind|Number=Sing|Person=1|Tense=Pres|VerbForm=Fin|Voice=Act	Î³ÏÎ¬Ï†Ï‰	ROOT	17
1	18	á¼Îº	ADP	R-		á¼Îº	case	21
1	19	Ï„Î¿á¿¦	DET	S-	Case=Gen|Definite=Def|Gender=Masc|Number=Sing|PronType=Dem	á½	det	21
1	20	á¼€ÏÏ‡Î±Î¯Î¿Ï…	ADJ	A-	Case=Gen|Degree=Pos|Gender=Masc|Number=Sing	á¼€ÏÏ‡Î±á¿–Î¿Ï‚	amod	21
1	21	Ï‡ÏÎ·ÏƒÎ¼Î¿á¿¦	NOUN	Nb	Case=Gen|Gender=Masc|Number=Sing	Ï‡ÏÎ·ÏƒÎ¼ÏŒÏ‚	obl	17
1	22	Â·	PUNCT	Z		Â·	punct	17
1	23	Ïƒá½º	PRON	Pp	Case=Nom|Gender=Masc|Number=Sing|Person=2|PronType=Prs	ÏƒÏ	nsubj	26
1	24	Î´á¾½	ADV	Df		Î´á¾½	discourse	26
1	25	á¼‚Î½	ADV	Df		á¼„Î½	advmod	26
1	26	ÏƒÏ…Î½Î¹á¿‡Ï‚	VERB	V-	Mood=Sub|Number=Sing|Person=2|Tense=Pres|VerbForm=Fin|Voice=Act	ÏƒÏ…Î½Î¹á¿‡Ï‚	ROOT	26
1	27	,	PUNCT	Z		,	punct	26
1	28	á¼¤Î³Î¿Ï…Î½	CCONJ	C-		á¼¤Î³Î¿Ï…Î½	cc	31
1	29	á¼‚Î½	ADV	Df		á¼„Î½	advmod	31
1	30	ÏƒÏ…Î½ÎµÏ„Î¿á½ºÏ‚	ADJ	A-	Case=Acc|Degree=Pos|Gender=Masc|Number=Plur	ÏƒÏ…Î½ÎµÏ„ÏŒÏ‚	obj	31
1	31	á½‘Ï€Î¿ÎºÏÎ¯Î½Î±Î¹	VERB	V-	Aspect=Perf|Mood=Imp|Number=Sing|Person=2|Tense=Past|VerbForm=Fin|Voice=Mid	á½‘Ï€Î¿ÎºÏÎ¯Î½Î±Î¹	ROOT	31
1	32	,	PUNCT	Z		,	xcomp	31
1	33	á¼¤Î³Î¿Ï…Î½	CCONJ	C-		á¼¤Î³Î¿Ï…Î½	ROOT	33
1	34	Î±á½Ï„á½¸Ï‚	ADJ	Pd	Case=Nom|Gender=Masc|Number=Sing	Î±á½Ï„ÏŒÏ‚	nsubj	35
1	35	á¼Î½Ï„Î±á¿¦Î¸Î±	ADV	Df		á¼Î½Ï„Î±á¿¦Î¸Î±	advmod	42
1	36	Ï€Ïá½¸Ï‚	ADP	R-		Ï€ÏÏŒÏ‚	case	37
1	37	á¼¡Î¼á¾¶Ï‚	PRON	Pp	Case=Acc|Gender=Masc|Number=Plur|Person=1|PronType=Prs	á¼¡Î¼Îµá¿–Ï‚	obl	35
1	38	Ï„á¿‡Î´Îµ	DET	Pd	Case=Dat|Gender=Fem|Number=Sing	á½…Î´Îµ	det	37
1	39	á½ƒÏ‚	PRON	Pr	Case=Nom|Gender=Masc|Number=Sing|PronType=Rel	á½…Ï‚	nsubj	41
1	40	Ï€ÏŒÎ»ÎµÎ¹	NOUN	Nb	Case=Dat|Gender=Fem|Number=Sing	Ï€ÏŒÎ»Î¹Ï‚	obl	41
1	41	á¼ Î»Î¹Î¸ÎµÎ¯Î·Ï‚	VERB	V-	Aspect=Perf|Mood=Ind|Number=Sing|Person=2|Tense=Past|VerbForm=Fin|Voice=Pass	á¼ Î»Î¹Î¸Îµá¿–Î¿Ï‚	nsubj	42
1	42	á¼Î»Î¸á½²	VERB	V-	Aspect=Perf|Mood=Imp|Number=Sing|Person=2|Tense=Past|VerbForm=Fin|Voice=Act	á¼”ÏÏ‡Î¿Î¼Î±Î¹	ROOT	42
1	43	á¼€ÎºÎ¿Ï…ÏŒÎ¼ÎµÎ½Î¿Ï‚	VERB	V-	Case=Nom|Gender=Masc|Number=Sing|Tense=Pres|VerbForm=Part|Voice=Mid	á¼€ÎºÎ¿Ï…ÏŒÎ¼ÎµÎ½Î¿Ï‚	advcl	42
1	44	á¼€Î½Î±Ï†Î±Î½Î´á½¸Î½	ADV	Df	Degree=Pos	á¼€Î½Î±Ï†Î±Î½Î´Î¬	advmod	43
1	45	,	PUNCT	Z		,	dep	42
1	46	á½…Ï€Î¿Ï…	ADV	Dq	PronType=Rel	á½…Ï€Î¿Ï…	advmod	48
1	47	á¼¡Î¼á¿–Î½	PRON	Pp	Case=Dat|Gender=Masc|Number=Plur|Person=1|PronType=Prs	á¼¡Î¼Îµá¿–Ï‚	iobj	48
1	48	Ï€Î±ÏÎ±ÎºÎµÎ»ÎµÏÏ‰Î½	VERB	V-	Case=Nom|Gender=Masc|Number=Sing|Tense=Pres|VerbForm=Part|Voice=Act	Ï€Î±ÏÎ±ÎºÎµÎ»ÎµÏÏ‰	acl	45
1	49	á¼”ÏÏ‡ÎµÏƒÎ¸Î±Î¹	VERB	V-	Tense=Pres|VerbForm=Inf|Voice=Mid	á¼”ÏÏ‡Î¿Î¼Î±Î¹	xcomp	48
1	50	á¼Î½	ADP	R-		á¼Î½	case	51
1	51	ÎœÎ­Î¼Ï†ÎµÎ¹	PROPN	Ne	Case=Dat|Gender=Fem|Number=Sing	ÎœÎ­Î¼Ï†Î¹Ï‚	obl	49
1	52	Â·	PUNCT	Z		Â·	punct	42
1	53	á¼„Î³Î¿Î½Ï„Î¬	VERB	V-	Case=Acc|Gender=Masc|Number=Sing|Tense=Pres|VerbForm=Part|Voice=Act	á¼„Î³Ï‰	advcl	56
1	54	ÏƒÎ¿Î¹	PRON	Pp	Case=Dat|Gender=Masc|Number=Sing|Person=2|PronType=Prs	ÏƒÏ	iobj	53
1	55	á¼ÎºÎµá¿–	ADV	Df		á¼ÎºÎµá¿–	advmod	56
1	56	á¼ Î»Î¹Î¸ÎµÎ¯Î·Ï‚	VERB	V-	Aspect=Perf|Mood=Opt|Number=Sing|Person=2|Tense=Past|VerbForm=Fin|Voice=Act	á¼ Î»Î¹Î¸Îµá¿–Î¿Ï‚	ROOT	56
1	57	,	PUNCT	Z		,	punct	56
1	58	á½‘Ï€Î¿Î¼Î½Î®Î¼Î±Ï„Î±	NOUN	Nb	Case=Acc|Gender=Neut|Number=Plur	á½‘Ï€ÏŒÎ¼Î½Î·Î¼Î±	ROOT	58
1	59	Ï„Î¿á¿¦	DET	S-	Case=Gen|Definite=Def|Gender=Masc,Neut|Number=Sing|PronType=Dem	á½	det	60
1	60	Ï‡ÏÎ·ÏƒÎ¼Î¿á¿¦	NOUN	Nb	Case=Gen|Gender=Masc|Number=Sing	Ï‡ÏÎ·ÏƒÎ¼ÏŒÏ‚	nmod	58
1	61	,	PUNCT	Z		,	ROOT	61
1	62	Ï„Î­Ï‰Ï‚	ADV	Df		Ï„Î­Ï‰Ï‚	advmod	67
1	63	Î´á½²	ADV	Df		Î´Î­	discourse	67
1	64	á¼•Ï‰Ï‚	SCONJ	G-		á¼•Ï‰Ï‚	mark	66
1	65	ÎºÎ±Ï„á½°	ADP	R-		ÎºÎ±Ï„Î¬	case	66
1	66	ÎºÎ­Î»ÎµÏ…ÏƒÎ¹Î½	NOUN	Nb	Case=Acc|Gender=Fem|Number=Sing	ÎºÎ­Î»ÎµÏ…ÏƒÎ¹Ï‚	obl	67
1	67	á½‘Ï€Î¿Î¸Î®ÏƒÎ¿Î¼Î±Î¯	VERB	V-	Mood=Ind|Number=Sing|Person=1|Tense=Fut|VerbForm=Fin|Voice=Mid	á½‘Ï€Î¿Î¸Î­Ï‰	conj	61
1	68	ÏƒÎ¿Î¹	PRON	Pp	Case=Dat|Gender=Masc|Number=Sing|Person=2|PronType=Prs	ÏƒÏ	iobj	67
1	69	Ï€Î¬Î»Î¹Î½	ADV	Df		Ï€Î¬Î»Î¹Î½	advmod	67
1	70	á½‘Ï€á½¸	ADP	R-		á½‘Ï€ÏŒ	case	71
1	71	Ï‡ÏÎ·ÏƒÎ¼á½¸Î½	NOUN	Nb	Case=Acc|Gender=Masc|Number=Sing	Ï‡ÏÎ·ÏƒÎ¼ÏŒÏ‚	obl	67
1	72	,	PUNCT	Z		,	punct	67
1	73	ÎºÎ±á½¶	CCONJ	C-		ÎºÎ±Î¯	cc	79
1	74	Ï„á½°Ï‚	DET	S-	Case=Acc|Definite=Def|Gender=Fem|Number=Plur|PronType=Dem	á½	det	79
1	75	Îµá¼°Ï‚	ADP	R-		Îµá¼°Ï‚	case	76
1	76	Î±á½Ï„á½¸Î½	PRON	Pp	Case=Acc|Gender=Masc|Number=Sing|Person=3|PronType=Prs	Î±á½Ï„ÏŒÏ‚	det	79
1	77	Ï„á¿¶Î½	DET	S-	Case=Gen|Definite=Def|Number=Plur|PronType=Dem	á½	det	78
1	78	Ï€Î¿Î»Î»á¿¶Î½	ADJ	A-	Case=Gen|Degree=Pos|Gender=Masc|Number=Plur	Ï€Î¿Î»ÏÏ‚	nmod	79
1	79	ÏƒÏ…Î½Î±Î³Ï‰Î³á½°Ï‚	NOUN	Nb	Case=Acc|Gender=Fem|Number=Plur	ÏƒÏ…Î½Î±Î³Ï‰Î³Î®	ROOT	79
1	80	,	PUNCT	Z		,	conj	79
1	81	ÎºÎ±á½¶	CCONJ	C-		ÎºÎ±Î¯	cc	79
1	82	Î¿á½•Ï„Ï‰Ï‚	ADV	Df		Î¿á½•Ï„Ï‰Ï‚	orphan	84
1	83	Ï„á½°	DET	S-	Case=Acc|Definite=Def|Gender=Neut|Number=Plur|PronType=Dem	á½	det	84
1	84	á½‘Ï€Î¿Î¼Î½Î®Î¼Î±Ï„Î±	NOUN	Nb	Case=Acc|Gender=Neut|Number=Plur	á½‘Ï€ÏŒÎ¼Î½Î·Î¼Î±	conj	79
1	85	.	PUNCT	Z		.	punct	79
2	0	á¼¼ÏƒÎ¸Î¹	VERB	V-	Aspect=Perf|Mood=Imp|Number=Sing|Person=2|Tense=Past|VerbForm=Fin|Voice=Act	á¼¼ÏƒÎ¸Î¹	ROOT	0
2	1	Î´á½²	ADV	Df		Î´Î­	discourse	0
2	2	,	PUNCT	Z		,	ccomp	0
2	3	á½ŒÏƒÎ¹ÏÎ¹	PROPN	Ne	Case=Voc|Gender=Masc|Number=Sing	á½„ÏƒÎ¹ÏÎ¹	vocative	0
2	4	,	PUNCT	Z		,	parataxis	0
2	5	á½…Ï„Î¹	SCONJ	G-		á½…Ï„Î¹	mark	11
2	6	á½	DET	S-	Case=Nom|Definite=Def|Gender=Masc|Number=Sing|PronType=Dem	á½	det	7
2	7	Ï‡ÏÎ·ÏƒÎ¼á½¸Ï‚	NOUN	Nb	Case=Nom|Gender=Masc|Number=Sing	Ï‡ÏÎ·ÏƒÎ¼ÏŒÏ‚	nsubj	11
2	8	á¼€Ï€ÏŒ	ADP	R-		á¼€Ï€ÏŒ	case	10
2	9	Ï„Îµ	CCONJ	C-		Ï„Îµ	cc	11
2	10	Î¾Î±Î½Î¸ÏÏƒÎµÏ‰Ï‚	NOUN	Nb	Case=Gen|Gender=Fem|Number=Sing	ÏƒÎ±Î½Î¸ÏÏƒÎµÏ‰Ï‚	obl	11
2	11	á¼¤ÏÎ¾Î±Ï„Î¿	VERB	V-	Aspect=Perf|Mood=Ind|Number=Sing|Person=3|Tense=Past|VerbForm=Fin|Voice=Mid	á¼„ÏÏ‡Ï‰	ROOT	11
2	12	Â·	PUNCT	Z		Â·	punct	11
2	13	Ï€Î±Ïá½°	ADP	R-		Ï€Î±ÏÎ¬	case	14
2	14	Î»Î¿Î¹Ï€á½¸Î½	ADJ	A-	Case=Acc|Degree=Pos|Gender=Neut|Number=Sing	Î»Î¿Î¹Ï€ÏŒÏ‚	advmod	22
2	15	Ï„á½´Î½	DET	S-	Case=Acc|Definite=Def|Gender=Fem|Number=Sing|PronType=Dem	á½	det	16
2	16	Î»ÎµÏÎºÏ‰ÏƒÎ¹Î½	NOUN	Nb	Case=Acc|Gender=Fem|Number=Sing	Î»ÎµÏÎºÏ‰ÏƒÎ¹Ï‚	obj	22
2	17	,	PUNCT	Z		,	cc	16
2	18	Ï„á½´Î½	DET	S-	Case=Acc|Definite=Def|Gender=Fem|Number=Sing|PronType=Dem	á½	det	19
2	19	Î¾Î¬Î½Î¸Ï‰ÏƒÎ¹Î½	NOUN	Nb	Case=Acc|Gender=Fem|Number=Sing	Î¾Î¬Î½Î¸Ï‰ÏƒÎ¹Ï‚	conj	16
2	20	Î¿á½Îº	ADV	Df	Polarity=Neg	Î¿á½	advmod	21
2	21	á¼„Î»ÎµÎ¹Ï€Î¿Î½	NOUN	Nb	Case=Acc|Gender=Masc|Number=Sing	á¼„Î»ÎµÎ¹Ï€Î¿Ï‚	xcomp	22
2	22	Îµá¼´ÏÎ·ÎºÎµÎ½	VERB	V-	Aspect=Perf|Mood=Ind|Number=Sing|Person=3|Tense=Past|VerbForm=Fin|Voice=Act	Î»Î­Î³Ï‰	ROOT	22
2	23	Â·	PUNCT	Z		Â·	punct	22
2	24	Î´Î¹á½°	ADP	R-		Î´Î¹Î¬	case	25
2	25	Ï„Î¯	PRON	Pi	Case=Acc|Gender=Neut|Number=Sing|PronType=Int	Ï„Î¯Ï‚	obl	26
2	26	;	PUNCT	Z	Aspect=Perf|Mood=Ind|Number=Sing|Person=3|Tense=Past|VerbForm=Fin|Voice=Pass	;	ROOT	26
2	27	á½…Ï„Î¹	SCONJ	G-		á½…Ï„Î¹	mark	33
2	28	á½	DET	S-	Case=Nom|Definite=Def|Gender=Masc|Number=Sing|PronType=Dem	á½	det	29
2	29	á¼ÏÏ‰Ï„á½¸Î½	NOUN	Nb	Case=Acc|Gender=Masc|Number=Sing	á¼ÏÏ‰Ï„ÏŒÏ‚	nsubj	33
2	30	Ï€ÎµÏá½¶	ADP	R-		Ï€ÎµÏÎ¯	case	31
2	31	Î¿á½—	PRON	Pr	Case=Gen|Gender=Masc|Number=Sing|PronType=Rel	á½…Ï‚	obl	32
2	32	á¼Î½ÎµÎ¸ÏÎ¼Î·Ï„Î¿Î½	ADJ	A-	Case=Acc|Degree=Pos|Gender=Neut|Number=Sing	á¼Î½ÎµÎ¸ÏÎ¼Î·Ï„Î¿Ï‚	advmod	33
2	33	á¼¤ÎºÎ¿Ï…ÏƒÎµÎ½	VERB	V-	Aspect=Perf|Mood=Ind|Number=Sing|Person=3|Tense=Past|VerbForm=Fin|Voice=Act	á¼€ÎºÎ¿ÏÏ‰	ccomp	26
2	34	.	PUNCT	Z		.	punct	33
2	35	Î Ïá½¸Ï‚	ADP	R-		Ï€ÏÏŒÏ‚	case	38
2	36	Î³á½°Ï	ADV	Df		Î³Î¬Ï	discourse	43
2	37	Ï„á½°Ï‚	DET	S-	Case=Acc|Definite=Def|Gender=Fem|Number=Plur|PronType=Dem	á½	det	38
2	38	Î´Î¹Î±Î¸Î­ÏƒÎµÎ¹Ï‚	NOUN	Nb	Case=Acc|Gender=Fem|Number=Plur	Î´Î¹Î¬Î¸ÎµÏƒÎ¹Ï‚	obl	43
2	39	Ï„Î¿á¿¦	DET	S-	Case=Gen|Definite=Def|Gender=Masc|Number=Sing|PronType=Dem	á½	det	40
2	40	Î½Î¿á¿¦	NOUN	Nb	Case=Gen|Gender=Masc|Number=Sing	Î½ÏŒÎ¿Ï‚	nmod	38
2	41	Ï„á½¸Î½	DET	S-	Case=Acc|Definite=Def|Gender=Masc|Number=Sing|PronType=Dem	á½	det	42
2	42	Ï‡ÏÎ·ÏƒÎ¼á½¸Î½	NOUN	Nb	Case=Acc|Gender=Masc|Number=Sing	Ï‡ÏÎ·ÏƒÎ¼ÏŒÏ‚	obj	43
2	43	á½‘Ï€Î¿ÎºÏÎ¯Î½Î¿Î½Ï„Î±Î¹	VERB	V-	Mood=Ind|Number=Plur|Person=3|Tense=Pres|VerbForm=Fin|Voice=Mid	á½‘Ï€Î¿ÎºÏÎ¯Î½Î¿Î½Ï„Î±Î¹	ROOT	43
2	44	.	PUNCT	Z		.	punct	43
2	45	á½‰	DET	S-	Case=Nom|Definite=Def|Gender=Masc|Number=Sing|PronType=Dem	á½	det	47
2	46	Î³Î¿á¿¦Î½	ADV	Df		Î³Î¿á¿¦Î½	discourse	52
2	47	á½ˆÏÏ†Îµá½ºÏ‚	PROPN	Ne	Case=Nom|Gender=Masc|Number=Sing	á½ˆÏÏ†ÎµÏÏ‚	nsubj	52
2	48	á¼¦Î½	AUX	V-	Aspect=Imp|Mood=Ind|Number=Sing|Person=3|Tense=Past|VerbForm=Fin|Voice=Act	Îµá¼°Î¼Î¯	cop	49
2	49	Ï€Î¿Î¯Î·ÏƒÏ‰Î½	VERB	V-	Case=Nom|Gender=Masc|Number=Sing|Tense=Fut|VerbForm=Part|Voice=Act	Ï€Î¿Î¯Î·ÏƒÏ‰	advcl	52
2	50	Ï„á½´Î½	DET	S-	Case=Acc|Definite=Def|Gender=Fem|Number=Sing|PronType=Dem	á½	det	51
2	51	Î»ÎµÏÎºÏ‰ÏƒÎ¹Î½	NOUN	Nb	Case=Acc|Gender=Fem|Number=Sing	Î»ÎµÏÎºÏ‰ÏƒÎ¹Ï‚	obj	49
2	52	Î¿á¼¶Î´Îµ	VERB	V-	Aspect=Perf|Mood=Ind|Number=Sing|Person=3|Tense=Past|VerbForm=Fin|Voice=Act	Î¿á¼¶Î´Î±	ROOT	52
2	53	Ï€Î¬Î½Ï„Î±	DET	Px	Case=Acc|Gender=Neut|Number=Plur	Ï€á¾¶Ï‚	det	58
2	54	Ï„á½°	DET	S-	Case=Acc|Definite=Def|Gender=Neut|Number=Plur|PronType=Dem	á½	det	58
2	55	Ï€Î±Ïá¾½	ADP	R-		Ï€Î±Ïá¾½Ï‚	case	56
2	56	á¼‘Î±Ï…Ï„á¿·	PRON	Pk	Case=Dat|Gender=Masc|Number=Sing|Person=3|PronType=Prs|Reflex=Yes	á¼‘Î±Ï…Ï„Î¿á¿¦	obl	57
2	57	á¼‘Ï„Î¿Î¯Î¼Î±Ï„Î±	ADJ	A-	Case=Acc|Degree=Pos|Gender=Neut|Number=Plur	á¼‘Ï„Î¿Î¯Î¼Î±Ï„Î¿Ï‚	amod	58
2	58	á½€ÏÎ³Î¬Î½á¿³	NOUN	Nb	Case=Dat|Gender=Neut|Number=Sing	á½„ÏÎ³Î±Î½Î¿Î½	obl	52
2	59	á½•Î´Î±Ï„Î±	NOUN	Nb	Case=Acc|Gender=Neut|Number=Plur	á½•Î´Ï‰Ï	obj	52
2	60	ÎºÎ±á½¶	CCONJ	C-		ÎºÎ±Î¯	cc	59
2	61	ÎºÎ·ÏÎ¿Ï„Î±ÎºÎ¯Î´Î±	NOUN	Nb	Case=Acc|Gender=Fem|Number=Sing	ÎºÎ·ÏÎ¿Ï„Î±ÎºÎ¯Ï‚	conj	59
2	62	,	PUNCT	Z		,	punct	52
2	63	ÎºÎ±á½¶	CCONJ	C-		ÎºÎ±Î¯	dep	65
2	64	Ï„á½°	DET	S-	Case=Acc|Definite=Def|Gender=Neut|Number=Plur|PronType=Dem	á½	det	65
2	65	Î¼Î­ÏÎ·	NOUN	Nb	Case=Acc|Gender=Neut|Number=Plur	Î¼Î­ÏÎ¿Ï‚	obj	84
2	66	Ï„á¿†Ï‚	DET	S-	Case=Gen|Definite=Def|Gender=Fem|Number=Sing|PronType=Dem	á½	det	67
2	67	Î¾Î±Î½Î¸ÏÏƒÎµÏ‰Ï‚	NOUN	Nb	Case=Gen|Gender=Fem|Number=Sing	ÏƒÎ±Î½Î¸ÏÏƒÎµÏ‰Ï‚	nmod	65
2	68	Ï€Î¬ÏƒÎ·Ï‚	DET	Px	Case=Gen|Gender=Fem|Number=Sing	Ï€á¾¶Ï‚	det	67
2	69	,	PUNCT	Z		,	amod	65
2	70	Î»Î­Î³Ï‰	VERB	V-	Mood=Ind|Number=Sing|Person=1|Tense=Pres|VerbForm=Fin|Voice=Act	Î»Î­Î³Ï‰	acl	65
2	71	Î´á½´	ADV	Df		Î´Î®	discourse	70
2	72	á½•Î´Î±Ï„Î¿Ï‚	NOUN	Nb	Case=Gen|Gender=Neut|Number=Sing	á½•Î´Ï‰Ï	iobj	70
2	73	Î¸ÎµÎ¯Î¿Ï…	ADJ	A-	Case=Gen|Degree=Pos|Gender=Masc,Neut|Number=Sing	Î¸Îµá¿–Î¿Ï‚	amod	72
2	74	á¼€Î¸Î¯ÎºÏ„Î¿Ï…	ADJ	A-	Case=Gen|Degree=Pos|Gender=Neut|Number=Sing	á¼€Î¸Î¯ÎºÏ„Î·Ï‚	amod	72
2	75	,	PUNCT	Z		,	nmod	65
2	76	ÎºÎ±á½¶	CCONJ	C-		ÎºÎ±Î¯	cc	75
2	77	Ï„á½°	DET	S-	Case=Acc|Definite=Def|Gender=Neut|Number=Plur|PronType=Dem	á½	det	78
2	78	á¼„Î»Î»Î±	ADJ	Px	Case=Acc|Gender=Neut|Number=Plur	á¼„Î»Î»Î¿Ï‚	nmod	79
2	79	á¼•Ï„Î¿Î¹Î¼Î±	ADJ	A-	Case=Acc|Degree=Pos|Gender=Neut|Number=Plur	á¼•Ï„Î¿Î¹Î¼Î¿Ï‚	conj	75
2	80	:	PUNCT	Z		:	nmod	65
2	81	ÎºÎ±á½¶	CCONJ	C-		ÎºÎ±Î¯	cc	84
2	82	Î¼ÏŒÎ½Î¿Î½	ADJ	A-	Case=Acc|Degree=Pos|Gender=Neut|Number=Sing	Î¼ÏŒÎ½Î¿Ï‚	advmod	84
2	83	Î¼Î¯Î¾ÎµÎ¹	NOUN	Nb	Case=Dat|Gender=Fem|Number=Sing	Î¼ÎµÎ¯Î³Î½Ï…Î¼Î¹	obl	84
2	84	Î¶Î·Ï„Îµá¿–	VERB	V-	Mood=Ind|Number=Sing|Person=3|Tense=Pres|VerbForm=Fin|Voice=Act	Î¶Î·Ï„Î­Ï‰	ROOT	84
2	85	Ï„Î¿á¿¦	DET	S-	Case=Gen|Definite=Def|Gender=Masc,Neut|Number=Sing|PronType=Dem	á½	det	87
2	86	á½ÏƒÏ„Î­ÏÎ¿Ï…	ADJ	A-	Case=Gen|Degree=Pos|Gender=Neut|Number=Sing	á½ÏƒÏ„Î­ÏÎ¿Ï…	amod	87
2	87	ÏƒÎºÏ‰ÏÎ¹Î´Î¯Î¿Ï…	NOUN	Nb	Case=Gen|Gender=Neut|Number=Sing	ÏƒÎºÏ‰ÏÎ¹Î´á¿–Î¿Î½	nmod	65
2	88	.	PUNCT	Z		.	punct	84
3	0	á½Ï€ÎµÏ	PRON	Pr	Case=Acc|Gender=Neut|Number=Sing|PronType=Rel	á½…Ï‚	obj	2
3	1	Î¿á½–Î½	ADV	Df		Î¿á½–Î½	discourse	2
3	2	á¼Î¶Î®Ï„ÎµÎ¹	VERB	V-	Aspect=Imp|Mood=Ind|Number=Sing|Person=3|Tense=Past|VerbForm=Fin|Voice=Act	Î¶Î·Ï„Î­Ï‰	acl	3
3	3	,	PUNCT	Z		,	ROOT	3
3	4	Ï„Î¿á¿¦Ï„Î¿	ADJ	Pd	Case=Acc|Gender=Neut|Number=Sing	Î¿á½—Ï„Î¿Ï‚	nsubj	5
3	5	(	PUNCT	Df		(	advmod	6
3	6	f.	PUNCT	Z		f.	ROOT	6
3	7	262	CCONJ	V-		262	ROOT	7
3	8	v.	PUNCT	Z		v.	punct	7
3	9	)	CCONJ	Z		)	cc	12
3	10	á½	DET	S-	Case=Nom|Definite=Def|Gender=Masc|Number=Sing|PronType=Dem	á½	det	11
3	11	Ï‡ÏÎ·ÏƒÎ¼á½¸Ï‚	NOUN	Nb	Case=Nom|Gender=Masc|Number=Sing	Ï‡ÏÎ·ÏƒÎ¼ÏŒÏ‚	nsubj	12
3	12	á¼”Î´Ï‰ÎºÎµÎ½	VERB	V-	Aspect=Perf|Mood=Ind|Number=Sing|Person=3|Tense=Past|VerbForm=Fin|Voice=Act	Î´Î¯Î´Ï‰Î¼Î¹	ROOT	12
3	13	.	PUNCT	Z		.	punct	12
3	14	á¼˜Î½Î´ÎµÎ®Ï‚	ADJ	A-	Case=Nom|Degree=Pos|Gender=Masc|Number=Sing	á¼Î½Î´ÎµÎ®Ï‚	amod	17
3	15	Î¿á½–Î½	ADV	Df		Î¿á½–Î½	discourse	24
3	16	á½	DET	S-	Case=Nom|Definite=Def|Gender=Masc|Number=Sing|PronType=Dem	á½	det	17
3	17	Ï‡ÏÎ·ÏƒÎ¼á½¸Ï‚	NOUN	Nb	Case=Nom|Gender=Masc|Number=Plur	Ï‡ÏÎ·ÏƒÎ¼ÏŒÏ‚	nsubj	24
3	18	Ï„á¿¶Î½	DET	S-	Case=Gen|Definite=Def|Gender=Masc|Number=Plur|PronType=Dem	á½	det	21
3	19	Î¼ÎµÏ„á½°	ADP	R-		Î¼ÎµÏ„Î¬	case	21
3	20	Ï„á¿¶Î½	DET	S-	Case=Gen|Definite=Def|Gender=Masc|Number=Plur|PronType=Dem	á½	det	21
3	21	ÏƒÎ¿Ï†á¿¶Î½	ADJ	A-	Case=Gen|Degree=Pos|Gender=Masc|Number=Plur	ÏƒÎ¿Ï†ÏŒÏ‚	nmod	17
3	22	Ï€Ïá½¸Ï‚	ADP	R-		Ï€ÏÏŒÏ‚	case	23
3	23	ÏƒÏ…Î¼Ï€Î»Î®ÏÏ‰ÏƒÎ¹Î½	NOUN	Nb	Case=Acc|Gender=Fem|Number=Sing	ÏƒÏ…Î¼Ï€Î»Î®ÏÏ‰ÏƒÎ¹Ï‚	obl	24
3	24	á¼€Ï€ÎµÏ€Î»Î®ÏÏ‰ÏƒÎ±Î½	VERB	V-	Aspect=Perf|Mood=Ind|Number=Plur|Person=3|Tense=Past|VerbForm=Fin|Voice=Act	á¼€Ï€ÎµÏ€Î»Î®ÏÏ‰ÏƒÎ±Î½	ROOT	24
3	25	Î±á½Ï„Î¿á¿¦	PRON	Pp	Case=Gen|Gender=Masc|Number=Sing|Person=3|PronType=Prs	Î±á½Ï„ÏŒÏ‚	det	27
3	26	Ï„á½°	DET	S-	Case=Acc|Definite=Def|Gender=Neut|Number=Plur|PronType=Dem	á½	det	27
3	27	Î»ÎµÎ¯Ï€Î¿Î½Ï„Î±	VERB	V-	Case=Acc|Gender=Neut|Number=Plur|Tense=Pres|VerbForm=Part|Voice=Act	Î»ÎµÎ¯Ï€Ï‰	obj	24
3	28	Â·	PUNCT	Z		Â·	punct	24
3	29	á¼€ÏÏƒÎµÎ½Î¿ÎµÎ¯Ï„Îµ	ADJ	A-	Case=Nom|Degree=Pos|Gender=Masc|Number=Plur	á¼€ÏÏƒÎµÎ½Î¿ÎµÎ¯	ROOT	29
3	30	Îµá¼°Ï‚	ADP	R-		Îµá¼°Ï‚	case	32
3	31	Ï„á½¸Î½	DET	S-	Case=Acc|Definite=Def|Gender=Masc|Number=Sing|PronType=Dem	á½	det	32
3	32	Î¾Î±Î½Î¸á½¸Î½	PROPN	Ne	Case=Acc|Gender=Masc|Number=Sing	Î¾Î±Î½Î¸ÏŒÏ‚	obl	29
3	33	,	PUNCT	Z		,	punct	29
3	34	ÎºÎ±á½¶	CCONJ	C-		ÎºÎ±Î¯	ROOT	34
3	35	á¼„Î»Î»Î¿Î¹	ADJ	Px	Case=Nom|Gender=Masc|Number=Plur	á¼„Î»Î»Î¿Ï‚	ROOT	35
3	36	á¼„Î»Î»Î±Ï‚	ADJ	A-	Case=Acc|Degree=Pos|Gender=Fem|Number=Plur	á¼„Î»Î»Î¿Ï‚	orphan	35
3	37	Â·	PUNCT	Z		Â·	ROOT	37
3	38	Ï„á¿†Ï‚	DET	S-	Case=Gen|Definite=Def|Gender=Fem|Number=Sing|PronType=Dem	á½	det	42
3	39	Î¼Î­Î½Ï„Î¿Î¹	ADV	Df		Î¼Î­Î½Ï„Î¿Î¹	discourse	42
3	40	Î»ÎµÏ…ÎºÏÏƒÎµÏ‰Ï‚	NOUN	Nb	Case=Gen|Gender=Fem|Number=Sing	Î»ÎµÏ…ÎºÏÏƒÎ¹Ï‚	iobj	42
3	41	Î¿á½Î´Îµá½¶Ï‚	ADJ	Px	Case=Nom|Gender=Masc|Number=Sing	Î¿á½Î´ÎµÎ¯Ï‚	nsubj	42
3	42	ÎºÎ±Ï„Î·Î¾Î¯Ï‰ÏƒÎµÎ½	VERB	V-	Aspect=Perf|Mood=Ind|Number=Sing|Person=3|Tense=Past|VerbForm=Fin|Voice=Act	ÎºÎ±Ï„Î·Î¾Î¯Ï‰ÏƒÎµÎ½	ROOT	42
3	43	Î¼Î½Î·Î¼Î¿Î½ÎµÏÏƒÎ±Ï‚	VERB	V-	Aspect=Perf|Case=Nom|Gender=Masc|Number=Sing|Tense=Past|VerbForm=Part|Voice=Mid	Î¼Î½Î·Î¼Î¿Î½ÎµÏÏ‰	advcl	42
3	44	,	PUNCT	Z		,	dep	42
3	45	Îµá¼°	ADV	Df		Îµá¼°	acl	41
3	46	Î¼á½´	ADV	Df	Polarity=Neg	Î¼Î®	advmod	45
3	47	á¼Î³Ï	PRON	Pp	Case=Nom|Gender=Masc|Number=Sing|Person=1|PronType=Prs	á¼Î³Ï	nsubj	45
3	48	Â·	PUNCT	Z		Â·	punct	42
3	49	á¼£Î½	PRON	Pr	Case=Acc|Gender=Fem|Number=Sing|PronType=Rel	á½…Ï‚	obj	51
3	50	ÎºÎ±á½¶	ADV	Df		ÎºÎ±Î¯	advmod	51
3	51	á¼”Î³ÏÎ±ÏˆÎ±	VERB	V-	Aspect=Perf|Mood=Ind|Number=Sing|Person=1|Tense=Past|VerbForm=Fin|Voice=Act	Î³ÏÎ¬Ï†Ï‰	ROOT	51
3	52	Ï€Î¿Î»Î»Î±Ï‡á¿¶Ï‚	ADV	Df	Degree=Pos	Ï€Î¿Î»Î»Î±Ï‡á¿¶Ï‚	advmod	51
3	53	,	PUNCT	Z		,	appos	51
3	54	ÎºÎ±á½¶	CCONJ	C-		ÎºÎ±Î¯	cc	51
3	55	Ï€Î¬Î»Î¹Î½	ADV	Df		Ï€Î¬Î»Î¹Î½	advmod	56
3	56	Î³ÏÎ¬Ï†Ï‰	VERB	V-	Mood=Ind|Number=Sing|Person=1|Tense=Pres|VerbForm=Fin|Voice=Act	Î³ÏÎ¬Ï†Ï‰	conj	51
3	57	,	PUNCT	Z		,	punct	51
3	58	á¼€ÏÏ‡ÏŒÎ¼ÎµÎ½Î¿Ï‚	VERB	V-	Case=Nom|Gender=Masc|Number=Sing|Tense=Pres|VerbForm=Part|Voice=Mid	á¼„ÏÏ‡Ï‰	ROOT	58
3	59	Ï€Î¬Î»Î¹Î½	ADV	Df		Ï€Î¬Î»Î¹Î½	advmod	58
3	60	á¼€Ï€á½¸	ADP	R-		á¼€Ï€ÏŒ	case	62
3	61	Ï„Î¿á¿¦	DET	S-	Case=Gen|Definite=Def|Gender=Masc|Number=Sing|PronType=Dem	á½	det	62
3	62	Ï‡ÏÎ·ÏƒÎ¼Î¿á¿¦	NOUN	Nb	Case=Gen|Gender=Masc|Number=Sing	Ï‡ÏÎ·ÏƒÎ¼ÏŒÏ‚	obl	58
3	63	ÎºÎ±Ï„á¾½	ADP	R-		ÎºÎ±Ï„á¾½	case	64
3	64	á¼Ï€ÎµÏÏÏ„Î·ÏƒÎ¹Î½	NOUN	Nb	Case=Acc|Gender=Fem|Number=Sing	á¼Ï€ÎµÏÏÏ„Î·ÏƒÎ¹Ï‚	obl	58
3	65	Â·	PUNCT	Z		Â·	ROOT	65
3	66	á¼”Ï‡ÎµÎ¹	VERB	V-	Mood=Ind|Number=Sing|Person=3|Tense=Pres|VerbForm=Fin|Voice=Act	á¼”Ï‡Ï‰	ROOT	66
3	67	Î´á½²	ADV	Df		Î´Î­	discourse	66
3	68	á½§Î´Îµ	ADV	Df		á½§Î´Îµ	advmod	66
3	69	Â·	PUNCT	Z		Â·	punct	66
3	70	á¼˜Ï€Îµá½¶	SCONJ	G-		á¼Ï€ÎµÎ¯	mark	72
3	71	Î¼á½²Î½	ADV	Df		Î¼Î­Î½	discourse	72
3	72	Î´Î¿ÎºÎµá¿–Ï‚	VERB	V-	Mood=Ind|Number=Sing|Person=2|Tense=Pres|VerbForm=Fin|Voice=Act	Î´Î¿ÎºÎ­Ï‰	advcl	75
3	73	Îµá½ÏƒÎ¸Î­Î½ÎµÏƒÎ¹Î½	ADJ	A-	Case=Dat|Degree=Pos|Gender=Masc,Neut|Number=Plur	Îµá½ÏƒÎ¸Î­Î½Îµ	amod	74
3	74	Î´ÎµÎ®ÏƒÎµÏƒÎ¹Î½	NOUN	Nb	Case=Dat|Gender=Fem|Number=Plur	Î´Î­Î·ÏƒÎ¹Ï‚	obl	72
3	75	,	PUNCT	Z		,	ROOT	75
3	76	Î¶Î±ÎºÎ¿Ïá½²	NOUN	Nb	Case=Voc|Gender=Masc|Number=Sing	Î¶Î±ÎºÎ¿Ïá½²	vocative	75
3	77	,	PUNCT	Z		,	advmod	78
3	78	Î»Î¹Ï„Î¬Î¶á¿ƒ	VERB	V-	Mood=Ind|Number=Sing|Person=2|Tense=Pres|VerbForm=Fin|Voice=Mid	Î»Î¹Ï„Î¬Î¶Ï‰	conj	75
3	79	Ï€Ïá½¸Ï‚	ADP	R-		Ï€ÏÏŒÏ‚	case	83
3	80	Ï„ÏÎ¿Ï†Î¿á¿¦	NOUN	Nb	Case=Gen|Gender=Masc|Number=Sing	Ï„ÏÎ¿Ï†ÏŒÏ‚	nmod	83
3	81	á¼°Î´Î¯Î¿Ï…	ADJ	A-	Case=Gen|Degree=Pos|Gender=Masc|Number=Sing	á¼´Î´Î¹Î¿Ï‚	amod	82
3	82	Ï‡ÏÏ…ÏƒÎ¿á¿¦	NOUN	Nb	Case=Gen|Gender=Masc|Number=Sing	Ï‡ÏÏ…ÏƒÏŒÏ‚	nmod	83
3	83	ÏƒÎ¸Î­Î½Î¿Ï‚	NOUN	Nb	Case=Acc|Gender=Neut|Number=Sing	ÏƒÎ¸Î­Î½Î¿Ï‚	obl	78
3	84	,	PUNCT	Z		,	punct	75
3	85	Î´Î­Î»Ï„Î·ÏƒÎ¹Î½	NOUN	Nb	Case=Dat|Gender=Fem|Number=Plur	Î´Î­Î»Ï„Î·ÏƒÎ¹Ï‚	obl	86
3	86	á¼Î³Ï‡ÎµÎ¯ÏÏ‰ÏƒÎµ	VERB	V-	Mood=Ind|Number=Sing|Person=3|Tense=Fut|VerbForm=Fin|Voice=Act	á¼Î³Ï‡ÎµÎ¯ÏÏ‰ÏƒÎµ	ROOT	86
3	87	Ï„Î¿á½ºÏ‚	DET	S-	Case=Acc|Definite=Def|Gender=Masc|Number=Plur|PronType=Dem	á½	det	89
3	88	á¼Î¼Î¿á½ºÏ‚	ADJ	Ps	Case=Acc|Gender=Masc|Number=Plur|Person=1|Poss=Yes	á¼Î¼ÏŒÏ‚	nmod	89
3	89	Î»ÏŒÎ³Î¿Ï…Ï‚	NOUN	Nb	Case=Acc|Gender=Masc|Number=Plur	Î»ÏŒÎ³Î¿Ï‚	obj	86
3	90	.	PUNCT	Z		.	punct	86
4	0	Î§Î±Î»Îºá½¸Î½	NOUN	Nb	Case=Acc|Gender=Masc|Number=Sing	Î§Î±Î»ÎºÏŒÏ‚	nsubj	2
4	1	ÎºÎµÎºÎ±Ï…Î¼Î­Î½Î¿Î½	VERB	V-	Aspect=Perf|Case=Acc|Gender=Masc|Number=Sing|Tense=Past|VerbForm=Part|Voice=Pass	ÎºÎµÎºÎ±Ï…Î¼Î­Î½Î¿Î½	acl	0
4	2	,	PUNCT	Z		,	ROOT	2
4	3	Ï„Î¿ÏÏ„Î¿Ï…	ADJ	Pd	Case=Gen|Gender=Neut|Number=Sing	Î¿á½—Ï„Î¿Ï‚	nsubj:pass	7
4	4	ÎºÎ±á½¶	ADV	Df		ÎºÎ±Î¯	cc	7
4	5	ÏƒÏ†ÏŒÎ´ÏÎ±	ADV	Df		ÏƒÏ†ÏŒÎ´ÏÎ±	advmod	7
4	6	Î»Î¯Î±Î½	ADV	Df		Î»Î¯Î±Î½	advmod	7
4	7	Ï€Î»Ï…Î½Î¸Î­Î½Ï„Î¿Ï‚	VERB	V-	Aspect=Perf|Case=Gen|Gender=Masc|Number=Sing|Tense=Past|VerbForm=Part|Voice=Pass	Ï€Î»Ï…Î½Î¸Î­Î½Ï‚	advcl	2
4	8	ÎºÎ±á½¶	CCONJ	C-		ÎºÎ±Î¯	cc	7
4	9	á¼€Î½Î±ÎºÎ±Ï…Î¸Î­Î½Ï„Î¿Ï‚	VERB	V-	Aspect=Perf|Case=Gen|Gender=Masc|Number=Sing|Tense=Past|VerbForm=Part|Voice=Pass	á¼€Î½Î±ÎºÎ±Ï…Î¸Î­Î½Ï„Î¿Ï‚	conj	7
4	10	,	PUNCT	Z		,	dep	2
4	11	ÎºÎ±á½¶	CCONJ	C-		ÎºÎ±Î¯	cc	13
4	12	Ï€Î¬Î»Î¹Î½	ADV	Df		Ï€Î¬Î»Î¹Î½	advmod	13
4	13	á¼”ÏƒÏ„Ï‰	AUX	V-	Mood=Imp|Number=Sing|Person=3|Tense=Pres|VerbForm=Fin|Voice=Act	Îµá¼°Î¼Î¯	cop	14
4	14	,	PUNCT	Z		,	ROOT	14
4	15	ÎºÎ¬Î¸ÎµÏ‚	VERB	V-	Aspect=Perf|Mood=Imp|Number=Sing|Person=2|Tense=Past|VerbForm=Fin|Voice=Act	ÎºÎ±Î¸Î¯Î·Î¼Î¹	ROOT	15
4	16	ÎºÎ±Î»Î»Î¯ÏƒÏ„á¿³	ADJ	A-	Case=Dat|Degree=Sup|Gender=Masc|Number=Sing	ÎºÎ±Î»ÏŒÏ‚	amod	17
4	17	á¼€ÏÎ³ÏÏá¿³	NOUN	Nb	Case=Dat|Gender=Masc|Number=Sing	á¼„ÏÎ³Ï…ÏÎ¿Ï‚	iobj	15
4	18	Ïˆá¿†Î³Î¼Î±	NOUN	Nb	Case=Acc|Gender=Neut|Number=Sing	Ïˆá¿†Î³Î¼Î±	obj	15
4	19	,	PUNCT	Z		,	dep	15
4	20	Î¼ÏÏÎ¹Î½	ADJ	A-	Case=Acc|Degree=Pos|Gender=Fem|Number=Sing	Î¼ÏÏÎ¹Ï‚	amod	21
4	21	á¼‘ÎºÎ¬ÏƒÏ„Î·Î½	ADJ	A-	Case=Acc|Degree=Pos|Gender=Fem|Number=Sing	á¼•ÎºÎ±ÏƒÏ„Î¿Ï‚	amod	19
4	22	Ï€Ïá½¸Ï‚	ADP	R-		Ï€ÏÏŒÏ‚	case	23
4	23	Î´ÏÎ½Î·Î½	PROPN	Ne	Case=Acc|Gender=Fem|Number=Sing	Î´ÏÎ½Î·	obl	19
4	24	,	PUNCT	Z		,	dep	15
4	25	ÎºÎ±á½¶	CCONJ	C-		ÎºÎ±Î¯	cc	15
4	26	Î´	ADV	Df		Î´	dep	15
4	27	Î¿Î½	PRON	Pr	Case=Acc|Gender=Masc|Number=Sing|PronType=Rel	Î¿Î½	conj	26
4	28	,	PUNCT	Z		,	cc	15
4	29	ÎºÎ±á½¶	CCONJ	C-		ÎºÎ±Î¯	cc	30
4	30	Î³á¿†	NOUN	Nb	Case=Nom|Gender=Fem|Number=Sing	Î³á¿†	conj	15
4	31	Î£Î¹Î½ÏÏ€Î·Ï‚	PROPN	Ne	Case=Gen|Gender=Fem|Number=Sing	Î£Î¹Î½ÏÏ€Î·	nmod	30
4	32	,	PUNCT	Z		,	parataxis	15
4	33	ÎºÎ±á½¶	CCONJ	C-		ÎºÎ±Î¯	ROOT	33
4	34	á½„ÏƒÏ„ÏÎ±ÎºÎ¿Î½	NOUN	Nb	Case=Nom|Gender=Neut|Number=Sing	á½„ÏƒÏ„ÏÎ±ÎºÎ¿Î½	ROOT	34
4	35	ÎºÎ¬Î¸Î¼Î¹Ï‚	NOUN	Nb	Case=Nom|Gender=Fem|Number=Sing	ÎºÎ¬Î¸Î¼Î¹Ï‚	appos	34
4	36	,	PUNCT	Z		,	ROOT	36
4	37	ÎºÎ±á½¶	CCONJ	C-		ÎºÎ±Î¯	cc	38
4	38	Ï‡ÏÏ…Ïƒá½¸Î½	NOUN	Nb	Case=Acc|Gender=Masc|Number=Sing	Ï‡ÏÏ…ÏƒÏŒÏ‚	conj	36
4	39	Ï„á¿¶Î½	DET	S-	Case=Gen|Definite=Def|Gender=Masc|Number=Plur|PronType=Dem	á½	det	40
4	40	ÎœÎ±ÎºÎµÎ´ÏÎ½Ï‰Î½	NOUN	Nb	Case=Gen|Gender=Masc|Number=Plur	ÎœÎ±ÎºÎµÎ´ÏÎ½	nmod	38
4	41	Î³Î±Î¯Î·Ï‚	NOUN	Nb	Case=Gen|Gender=Fem|Number=Sing	Î³Î±á¿–Î±	nmod	40
4	42	,	PUNCT	Z		,	ROOT	42
4	43	ÎºÎ±á½¶	CCONJ	C-		ÎºÎ±Î¯	cc	44
4	44	Î¼ÏÏƒÎµÏ‰Ï‚	PROPN	Ne	Case=Gen|Gender=Masc|Number=Sing	Î¼ÏÏƒÎ¹Ï‚	obl	45
4	45	Î»Î­Î³Ï‰	VERB	V-	Mood=Ind|Number=Sing|Person=1|Tense=Pres|VerbForm=Fin|Voice=Act	Î»Î­Î³Ï‰	conj	42
4	46	ÏƒÎ¿Î¹	PRON	Pp	Case=Dat|Gender=Masc|Number=Sing|Person=2|PronType=Prs	ÏƒÏ	iobj	45
4	47	á¼€ÏƒÎ¹Î±Ï„Î¹ÎºÎ¿á¿¦	ADJ	A-	Case=Gen|Degree=Pos|Gender=Masc|Number=Sing	á¼€ÏƒÎ¹Î±Ï„Î¹ÎºÏŒÏ‚	dep	45
4	48	Â·	PUNCT	Z		Â·	punct	42
4	49	Î¾Ï…Î½ÎµÎ¹Ï‡ÏÎ½ÎµÎ¹Ï‚	VERB	V-	Mood=Ind|Number=Sing|Person=2|Tense=Pres|VerbForm=Fin|Voice=Act	Î¾Ï…Î½ÎµÎ¹Ï‡ÏÎ½Ï‰	ROOT	49
4	50	Â·	PUNCT	Z		Â·	punct	49
4	51	ÎºÎ±á½¶	CCONJ	C-		ÎºÎ±Î¯	cc	52
4	52	á¼€ÏƒÏ€Î¬ÏƒÏ‰	VERB	V-	Mood=Ind|Number=Sing|Person=1|Tense=Fut|VerbForm=Fin|Voice=Act	á¼€ÏƒÏ€Î¬Î¶Ï‰	ROOT	52
4	53	Ï„á½¸Î½	DET	S-	Case=Acc|Definite=Def|Gender=Masc|Number=Sing|PronType=Dem	á½	det	54
4	54	Ï‡ÏÏ…Ïƒá½¸Î½	NOUN	Nb	Case=Acc|Gender=Masc|Number=Sing	Ï‡ÏÏ…ÏƒÏŒÏ‚	obj	52
4	55	.	PUNCT	Z		.	punct	52
4	56	ÎšÎ±á½¶	CCONJ	C-		ÎºÎ±Î¯	ROOT	56
4	57	Î¿á½•Ï„Ï‰Ï‚	ADV	Df		Î¿á½•Ï„Ï‰Ï‚	advmod	56
4	58	Î¼á½²Î½	ADV	Df		Î¼Î­Î½	discourse	57
4	59	á½	DET	S-	Case=Nom|Definite=Def|Gender=Masc|Number=Sing|PronType=Dem	á½	det	61
4	60	á¼€ÏÏ‡Î±Î¯Î¿Ï„Î±Ï„Î¿Ï‚	ADJ	A-	Case=Nom|Degree=Sup|Gender=Masc|Number=Sing	á¼€ÏÏ‡Î±Î¯Î¿Ï„Î±Ï„Î¿Ï‚	amod	61
4	61	Ï‡ÏÎ·ÏƒÎ¼ÏŒÏ‚	NOUN	Nb	Case=Nom|Gender=Masc|Number=Sing	Ï‡ÏÎ·ÏƒÎ¼ÏŒÏ‚	nsubj	57
4	62	Â·	PUNCT	Z		Â·	punct	56
4	63	ÎºÎ±Ï„Î­Î½ÎµÎ³ÎºÎ±Î¹	VERB	V-	Aspect=Perf|Tense=Past|VerbForm=Inf|Voice=Act	ÎºÎ±Ï„Î­Î½ÎµÎ³ÎºÎ·	ROOT	63
4	64	Ï€ÏÎ¿ÏƒÎ­Ï‡Ï‰Î½	VERB	V-	Case=Nom|Gender=Masc|Number=Sing|Tense=Pres|VerbForm=Part|Voice=Act	Ï€ÏÎ¿ÏƒÎ­Ï‡Ï‰	advcl	63
4	65	Î²Î¯Î²Î»Î¿Î½	NOUN	Nb	Case=Acc|Gender=Fem|Number=Sing	Î²ÏÎ²Î»Î¿Ï‚	obj	63
4	66	á¼Î´Î±Ï†Î¹ÏƒÏ„Î¹Îºá½´Î½	ADJ	A-	Case=Acc|Degree=Pos|Gender=Fem|Number=Sing	á¼Î´Î±Ï†Î¹ÏƒÏ„Î¹ÎºÏŒÏ‚	amod	65
4	67	Î¼ÎµÎ³Î¬Î»Î·Î½	ADJ	A-	Case=Acc|Degree=Pos|Gender=Fem|Number=Sing	Î¼Î­Î³Î±Ï‚	amod	65
4	68	.	PUNCT	Z		.	punct	63
4	69	ÎšÎ±á½¶	CCONJ	C-		ÎºÎ±Î¯	cc	73
4	70	á¼¡	DET	S-	Case=Nom|Definite=Def|Gender=Fem|Number=Sing|PronType=Dem	á½	det	71
4	71	Î²Î¯Î²Î»Î¿Ï‚	NOUN	Nb	Case=Nom|Gender=Fem|Number=Sing	Î²ÏÎ²Î»Î¿Ï‚	nsubj	73
4	72	á½‘Ï€Î¿Î¼Î½Î®Î¼Î±Ï„Î±	NOUN	Nb	Case=Acc|Gender=Neut|Number=Plur	á½‘Ï€ÏŒÎ¼Î½Î·Î¼Î±	obj	73
4	73	Ï€Î±ÏÎ±Î´Î¯Î´Ï‰ÏƒÎ¹Î½	VERB	V-	Mood=Ind|Number=Sing|Person=3|Tense=Pres|VerbForm=Fin|Voice=Act	Ï€Î±ÏÎ±Î´Î¯Î´Ï‰Î¼Î¹	ROOT	73
4	74	á¼€Î¶ÏÏƒÎ¹Ï‚	NOUN	Nb	Case=Nom|Gender=Fem|Number=Sing	á¼€Î¶ÏÏƒÎ¹Ï‚	appos	71
4	75	Ï†Ï‰Î½á¿†Ï‚	NOUN	Nb	Case=Gen|Gender=Fem|Number=Sing	Ï†Ï‰Î½Î®	nmod	74
4	76	,	PUNCT	Z		,	parataxis	73
4	77	ÎºÎ±á½¶	CCONJ	C-		ÎºÎ±Î¯	cc	73
4	78	á¼¡	DET	S-	Case=Nom|Definite=Def|Gender=Fem|Number=Sing|PronType=Dem	á½	det	79
4	79	Ï€Î±ÏÎ¬Î´Î¿ÏƒÎ¹Ï‚	NOUN	Nb	Case=Nom|Gender=Fem|Number=Sing	Ï€Î±ÏÎ¬Î´Î¿ÏƒÎ¹Ï‚	nsubj	80
4	80	Î´ÎµÎ¯Î¾ÎµÎ¹	VERB	V-	Mood=Ind|Number=Sing|Person=3|Tense=Fut|VerbForm=Fin|Voice=Act	Î´ÎµÎ¯ÎºÎ½Ï…Î¼Î¹	conj	73
4	81	Â·	PUNCT	Z		Â·	punct	73
4	82	ÎºÎ±á½¶	CCONJ	C-		ÎºÎ±Î¯	cc	84
4	83	á¼¡	PRON	Pp	Case=Nom|Gender=Fem|Number=Sing|Person=3|PronType=Prs	á½	iobj	84
4	84	Î´ÎµÎ¯Î¾Î·Ï‚	VERB	V-	Aspect=Perf|Mood=Sub|Number=Sing|Person=2|Tense=Past|VerbForm=Fin|Voice=Act	Î´ÎµÎ¯Î¾Î·Ï‚	ROOT	84
4	85	á¼Î¼Ï€ÎµÎ¹ÏÎ¯Î±Î½	NOUN	Nb	Case=Acc|Gender=Fem|Number=Sing	á¼Î¼Ï€ÎµÎ¹ÏÎ¯Î±	obj	84
4	86	Îµá½Î¸ÏÎ±Î½	ADJ	A-	Case=Acc|Degree=Pos|Gender=Fem|Number=Sing	Îµá½Î¸ÏÎ±	amod	85
4	87	Îµá½ÎµÏÎ³ÎµÏƒÎ¯Î±Î½	NOUN	Nb	Case=Acc|Gender=Fem|Number=Sing	Îµá½ÎµÏÎ³ÎµÏƒÎ¯Î±	conj	85
4	88	á¼Î½ÎµÏ€Î¹Î²Î¿Î»á½´Î½	NOUN	Nb	Case=Acc|Gender=Fem|Number=Sing	á¼Î½ÎµÏ€Î¹Î²Î¿Î»Î®	conj	85
4	89	,	PUNCT	Z		,	cc	84
4	90	Îµá¼´Î´Î·ÏƒÎ¹Î½	NOUN	Nb	Case=Acc|Gender=Fem|Number=Sing	Îµá¼´Î´Î·Î¼Î¹	obj	84
4	91	Î¼Ï…ÏƒÏ„Î¹Îºá½´Î½	ADJ	A-	Case=Acc|Degree=Pos|Gender=Fem|Number=Sing	Î¼Ï…ÏƒÏ„Î¹ÎºÏŒÏ‚	amod	90
4	92	,	PUNCT	Z		,	cc	95
4	93	Î´Î¹á½°	ADP	R-		Î´Î¹Î¬	case	95
4	94	Ï„Î¿á½ºÏ‚	DET	S-	Case=Acc|Definite=Def|Gender=Masc|Number=Plur|PronType=Dem	á½	det	95
4	95	Ï†Î¸ÏŒÎ½Î¿Ï…Ï‚	NOUN	Nb	Case=Acc|Gender=Masc|Number=Plur	Ï†Î¸ÏŒÎ½Î¿Ï‚	obl	84
4	96	,	PUNCT	Z		,	cc	85
4	97	ÎºÎ±Î¹Ïá½¸Î½	NOUN	Nb	Case=Acc|Gender=Masc|Number=Sing	ÎºÎ±Î¹ÏÏŒÏ‚	conj	96
4	98	ÎºÎ±á½¶	CCONJ	C-		ÎºÎ±Î¯	cc	97
4	99	ÎºÎ±Î¹ÏÎ¿á½ºÏ‚	NOUN	Nb	Case=Acc|Gender=Masc|Number=Plur	ÎºÎ±Î¹ÏÏŒÏ‚	conj	97
4	100	,	PUNCT	Z		,	ccomp	84
4	101	ÎºÎ±á½¶	CCONJ	C-		ÎºÎ±Î¯	cc	105
4	102	ÏƒÏÎ¼Ï€Î±Î½Ï„Î±	DET	A-	Case=Acc|Gender=Neut|Number=Plur	ÏƒÏÎ¼Ï€Î±Ï‚	det	105
4	103	Ï„á½°	DET	S-	Case=Acc|Definite=Def|Gender=Neut|Number=Plur|PronType=Dem	á½	det	105
4	104	Ï„á¿†Ï‚	DET	S-	Case=Gen|Definite=Def|Gender=Fem|Number=Sing|PronType=Dem	á½	det	105
4	105	Ï„Î­Ï‡Î½Î·Ï‚	NOUN	Nb	Case=Gen|Gender=Fem|Number=Sing	Ï„Î­Ï‡Î½Î·	conj	84
4	106	.	PUNCT	Z		.	punct	84
5	0	Î¤á½¸	DET	S-	Case=Acc|Definite=Def|Gender=Neut|Number=Sing|PronType=Dem	á½	det	6
5	1	Î³Î¿á¿¦Î½	ADV	Df		Î³Î¿á¿¦Î½	discourse	6
5	2	Ï€Ïá¿¶Ï„Î¿Î½	ADJ	Mo	Case=Acc|Gender=Masc,Neut|Number=Sing	Ï€Ïá¿¶Ï„Î¿Ï‚	nmod	3
5	3	á¼”Ï„Î¿Ï‚	NOUN	Nb	Case=Nom|Gender=Neut|Number=Sing	á¼”Ï„Î¿Ï‚	nsubj	1
5	4	Ï„Î¿á¿¦	DET	S-	Case=Gen|Definite=Def|Gender=Masc,Neut|Number=Sing|PronType=Dem	á½	det	5
5	5	Ï‡ÏÎ·ÏƒÎ¼Î¿á¿¦	NOUN	Nb	Case=Gen|Gender=Masc|Number=Sing	Ï‡ÏÎ·ÏƒÎ¼ÏŒÏ‚	nmod	3
5	6	,	PUNCT	Z		,	nmod	10
5	7	Ï„á½´Î½	DET	S-	Case=Acc|Definite=Def|Gender=Fem|Number=Sing|PronType=Dem	á½	det	10
5	8	Ï„Î¿á¿¦	DET	S-	Case=Gen|Definite=Def|Gender=Masc|Number=Sing|PronType=Dem	á½	det	9
5	9	Ï‡Î±Î»ÎºÎ¿á¿¦	NOUN	Nb	Case=Gen|Gender=Masc|Number=Sing	Ï‡Î±Î»ÎºÏŒÏ‚	nmod	10
5	10	Î»ÎµÏÎºÏ‰ÏƒÎ¹Î½	NOUN	Nb	Case=Acc|Gender=Fem|Number=Sing	Î»ÎµÏÎºÏ‰ÏƒÎ¹Ï‚	ROOT	10
5	11	Ï„á¿¶Î½	DET	S-	Case=Gen|Definite=Def|Number=Plur|PronType=Dem	á½	det	12
5	12	ÎºÎ±Ï„Î±ÏƒÏ„Î±Î¸Î­Î½Ï„Ï‰Î½	VERB	V-	Aspect=Perf|Case=Gen|Gender=Neut|Number=Plur|Tense=Past|VerbForm=Part|Voice=Pass	ÎºÎ±Î¸Î¯ÏƒÏ„Î·Î¼Î¹	nmod	10
5	13	ÎºÎ±á½¶	CCONJ	C-		ÎºÎ±Î¯	cc	12
5	14	Î»ÎµÎ¹Ï‰Î¸Î­Î½Ï„Ï‰Î½	VERB	V-	Aspect=Perf|Case=Gen|Gender=Neut|Number=Plur|Tense=Past|VerbForm=Part|Voice=Pass	Î»ÎµÎ¹Ï‰Î¸Î­Î½Ï„Î¿Ï‚	conj	12
5	15	,	PUNCT	Z		,	dep	10
5	16	ÎºÎ±á½¶	CCONJ	C-		ÎºÎ±Î¯	cc	15
5	17	Ï†ÏÏ…Ï‡Î¸Î­Î½Ï„Î±	VERB	V-	Aspect=Perf|Case=Acc|Gender=Neut|Number=Plur|Tense=Past|VerbForm=Part|Voice=Pass	Ï†ÏÏ…Ï‡Î¸Î­Î½Ï„Î±	conj	15
5	18	á¼•Ï‰Ï‚	SCONJ	G-		á¼•Ï‰Ï‚	mark	19
5	19	Î¼ÎµÏ„Î±Î²Î¬Î»á¿ƒ	VERB	V-	Aspect=Perf|Mood=Sub|Number=Sing|Person=3|Tense=Past|VerbForm=Fin|Voice=Act	Î¼ÎµÏ„Î±Î²Î¬Î»Î»Ï‰	advcl	17
5	20	Îµá¼°Ï‚	ADP	R-		Îµá¼°Ï‚	case	22
5	21	Ï„á½¸Î½	DET	S-	Case=Acc|Definite=Def|Gender=Masc|Number=Sing|PronType=Dem	á½	det	22
5	22	ÎºÎ·ÏÏŒÎ½	NOUN	Nb	Case=Acc|Gender=Masc|Number=Sing	ÎºÎ·ÏÏŒÏ‚	obl	19
5	23	Â·	PUNCT	Z		Â·	punct	10
5	24	ÏƒÏÎ³ÎºÎµÎ¹Ï„Î±Î¹	VERB	V-	Mood=Ind|Number=Sing|Person=3|Tense=Pres|VerbForm=Fin|Voice=Pass	ÏƒÏÎ³ÎºÎµÎ¹Î¼Î±Î¹	ROOT	24
5	25	Î´á½²	ADV	Df		Î´Î­	discourse	24
5	26	á¼€ÏƒÏ„Î¿á¿¦Î½	VERB	V-	Case=Acc|Gender=Neut|Number=Sing|Tense=Pres|VerbForm=Part|Voice=Act	á¼€ÏƒÏ„ÏŒÏ‰	nsubj:pass	24
5	27	Ï‡Î±Î»Îºá½¸Î½	NOUN	Nb	Case=Acc|Gender=Masc|Number=Sing	Ï‡Î±Î»ÎºÏŒÏ‚	obj	26
5	28	á¼Îº	ADP	R-		á¼Îº	case	31
5	29	Ï„á¿¶Î½	DET	S-	Case=Gen|Definite=Def|Number=Plur|PronType=Dem	á½	det	31
5	30	Î´'	ADV	Df		Î´'	nummod	31
5	31	ÏƒÏ‰Î¼Î¬Ï„Ï‰Î½	NOUN	Nb	Case=Gen|Gender=Neut|Number=Plur	Ïƒá¿¶Î¼Î±	obl	24
5	32	,	PUNCT	Z		,	cc	33
5	33	Ï‡Î±Î»ÎºÎ¿á¿¦	NOUN	Nb	Case=Gen|Gender=Masc|Number=Sing	Ï‡Î±Î»ÎºÏŒÏ‚	dep	31
5	34	,	PUNCT	Z		,	cc	33
5	35	ÏƒÎ¹Î´Î®ÏÎ¿Ï…	NOUN	Nb	Case=Gen|Gender=Masc|Number=Sing	ÏƒÎ¯Î´Î·ÏÎ¿Ï‚	conj	33
5	36	,	PUNCT	Z		,	cc	33
5	37	ÎºÎ±ÏƒÏƒÎ¹Ï„Î­ÏÎ¿Ï…	ADJ	A-	Case=Gen|Degree=Cmp|Gender=Masc|Number=Sing	ÎºÎ±ÏƒÏƒÎ¯Ï„ÎµÏÎ¿Ï‚	conj	33
5	38	,	PUNCT	Z		,	cc	33
5	39	Î¼Î¿Î»ÏÎ²Î´Î¿Ï…	NOUN	Nb	Case=Gen|Gender=Masc|Number=Sing	Î¼ÏŒÎ»Ï…Î²Î´Î¿Ï‚	conj	33
5	40	,	PUNCT	Z		,	dep	24
5	41	ÎºÎ±á½¶	CCONJ	C-		ÎºÎ±Î¯	cc	40
5	42	Ï„á¿¶Î½	DET	S-	Case=Gen|Definite=Def|Number=Plur|PronType=Dem	á½	det	44
5	43	(	PUNCT	Df		(	dep	44
5	44	f.	PUNCT	Z		f.	punct	24
5	45	263	ADV	Df		263	ROOT	45
5	46	r.	PUNCT	Z		r.	punct	45
5	47	)	CCONJ	Z		)	cc	49
5	48	Î¿á½ÏƒÎ¹Î±ÏƒÏ„Î¹Îºá¿¶Î½	ADJ	A-	Case=Gen|Degree=Pos|Number=Plur	Î¿á½ÏƒÎ¹Î±ÏƒÏ„Î¹ÎºÏŒÏ‚	amod	49
5	49	Î¼ÎµÏ„Î¬Î»Î»Ï‰Î½	NOUN	Nb	Case=Gen|Gender=Neut|Number=Plur	Î¼Î­Ï„Î±Î»Î»Î¿Î½	ROOT	49
5	50	,	PUNCT	Z		,	cc	49
5	51	ÎºÎ±á½¶	CCONJ	C-		ÎºÎ±Î¯	cc	50
5	52	Î¸ÎµÎ¯Î¿Ï…	NOUN	Nb	Case=Gen|Gender=Masc|Number=Sing	Î¸Îµá¿–Î¿Ï‚	conj	50
5	53	Î»ÎµÏ…ÎºÎ¿á¿¦	ADJ	A-	Case=Gen|Degree=Pos|Gender=Masc|Number=Sing	Î»ÎµÏ…ÎºÏŒÎ½	amod	52
5	54	Â·	PUNCT	Z		Â·	punct	49
5	55	Ï„Î¬Î´Îµ	ADJ	Pd	Case=Acc|Gender=Neut|Number=Plur	á½…Î´Îµ	nsubj	56
5	56	Ï‡Ïá¿„Î¶Î¿Ï…ÏƒÎ¹Î½	VERB	V-	Mood=Ind|Number=Plur|Person=3|Tense=Pres|VerbForm=Fin|Voice=Act	Ï‡Ïá¿„Î¶Ï‰	ROOT	56
5	57	Î¼á½²Î½	ADV	Df		Î¼Î­Î½	discourse	56
5	58	Ï€ÏÎ¿Ï„Î±ÏÎ¹Ï‡ÎµÎ¯Î±Ï‚	NOUN	Nb	Case=Gen|Gender=Fem|Number=Sing	Ï€ÏÎ¿Ï„Î±ÏÎ¹Ï‡ÎµÎ¯Î±	iobj	56
5	59	á¼€Ï€á½¸	ADP	R-		á¼€Ï€ÏŒ	case	60
5	60	Î¼Î·Î½á½¸Ï‚	NOUN	Nb	Case=Gen|Gender=Masc|Number=Sing	Î¼ÎµÎ¯Ï‚	nmod	58
5	61	Î¼ÎµÏ‡á½¶Ï	PROPN	Ne		Î¼ÎµÏ‡á½¶Ï	nmod	60
5	62	á¼•Ï‰Ï‚	ADP	R-		á¼•Ï‰Ï‚	case	63
5	63	Î¼Î·Î½á½¸Ï‚	NOUN	Nb	Case=Gen|Gender=Masc|Number=Sing	Î¼ÎµÎ¯Ï‚	obl	56
5	64	Ï†Î±ÏÎ¼Î¿Ï…Î¸á½¶	PROPN	Ne		Ï†Î±ÏÎ¼Î¿Ï…Î¸á½¶	nmod	63
5	65	Î¹Îµ	NUM	Ma		Î¹Îµ	dep	56
5	66	'	ADV	Df		'	dislocated	56
5	67	á¼¡Î¼Î­ÏÎ±Î¹	NOUN	Nb	Case=Nom|Gender=Fem|Number=Plur	á¼¡Î¼Î­ÏÎ±	nsubj	56
5	68	Î¼Î±	ADV	Df		Î¼Î±	dep	56
5	69	'	ADV	Df		'	dep	56
5	70	,	PUNCT	Z		,	punct	56
5	71	Îµá¼¶Ï„Î±	ADV	Df		Îµá¼¶Ï„Î±	advmod	72
5	72	Ï€Î»ÏÏƒÎµÏ‰Ï‚	NOUN	Nb	Case=Gen|Gender=Fem|Number=Sing	Ï€Î»ÏÏƒÎµÏ‰Ï‚	ROOT	72
5	73	,	PUNCT	Z		,	cc	72
5	74	Î¶Î­ÏƒÎµÏ‰Ï‚	NOUN	Nb	Case=Gen|Gender=Fem|Number=Sing	Î¶Î­ÏƒÎ¹Ï‚	conj	72
5	75	,	PUNCT	Z		,	cc	72
5	76	Î³Î»Ï…ÎºÎ±ÏƒÎ¼Î¿á¿¦	NOUN	Nb	Case=Gen|Gender=Neut|Number=Sing	Î³Î»Ï…ÎºÎ±ÏƒÎ¼ÏŒÏ‚	conj	72
5	77	,	PUNCT	Z		,	cc	72
5	78	á½‘Î»Î¹ÏƒÎ¼Î¿á¿¦	NOUN	Nb	Case=Gen|Gender=Masc|Number=Sing	á½‘Î»Î¹ÏƒÎ¼ÏŒÏ‚	conj	72
5	79	,	PUNCT	Z		,	cc	72
5	80	ÏƒÏ…ÏƒÏ„Î±Î¸Î¼Î¯Î±Ï‚	NOUN	Nb	Case=Gen|Gender=Fem|Number=Sing	ÏƒÏ…ÏƒÏ„Î±Î¸Î¼Î¯Î±	conj	72
5	81	,	PUNCT	Z		,	cc	72
5	82	ÎºÎ±Î¸Î¬ÏÏƒÎµÏ‰Ï‚	NOUN	Nb	Case=Gen|Gender=Fem|Number=Sing	ÎºÎ¬Î¸Î±ÏÏƒÎ¹Ï‚	conj	72
5	83	.	PUNCT	Z		.	ROOT	83
5	84	ÎšÎ±Î¸Î±Î¯ÏÎ¿Î½Ï„Î±	VERB	V-	Case=Nom|Gender=Neut|Number=Plur|Tense=Pres|VerbForm=Part|Voice=Act	ÎšÎ±Î¸Î±Î¯ÏÎ¿Ï‚	advcl	94
5	85	Î´á½²	ADV	Df		Î´Î­	discourse	94
5	86	Ï„á½°	DET	S-	Case=Acc|Definite=Def|Gender=Neut|Number=Plur|PronType=Dem	á½	det	88
5	87	Î´'	ADV	Df		Î´'	amod	88
5	88	ÏƒÏÎ¼Î±Ï„Î±	NOUN	Nb	Case=Acc|Gender=Neut|Number=Plur	Ïƒá¿¶Î¼Î±	obj	84
5	89	á¼•Ï‰Ï‚	SCONJ	G-		á¼•Ï‰Ï‚	mark	90
5	90	á¼”Ï‡á¿ƒÏ‚	VERB	V-	Mood=Sub|Number=Sing|Person=2|Tense=Pres|VerbForm=Fin|Voice=Act	á¼”Ï‡Ï‰	advcl	92
5	91	Ï€Î±Î½Ï„Î±Ï‡Î¿á¿¦	ADV	Df		Ï€Î±Î½Ï„Î±Ï‡Î¿á¿¦	advmod	90
5	92	,	PUNCT	Z		,	amod	95
5	93	Îµá¼¶Ï„Î±	ADV	Df		Îµá¼¶Ï„Î±	advmod	94
5	94	Î¼Î¯Î³Î½Ï…Ï„Î±Î¹	VERB	V-	Mood=Ind|Number=Sing|Person=3|Tense=Pres|VerbForm=Fin|Voice=Pass	Î¼ÎµÎ¯Î³Î½Ï…Î¼Î¹	ROOT	94
5	95	ÏƒÏ„Î±Î¸Î¼á¿·	NOUN	Nb	Case=Dat|Gender=Neut|Number=Sing	ÏƒÏ„Î±Î¸Î¼ÏŒÏ‚	obl	94
5	96	.	PUNCT	Z		.	punct	94
5	97	á¼œÏƒÏ„Î¹	AUX	V-	Mood=Ind|Number=Sing|Person=3|Tense=Pres|VerbForm=Fin|Voice=Act	Îµá¼°Î¼Î¯	ROOT	97
5	98	Î´á½²	ADV	Df		Î´Î­	discourse	97
5	99	á¼¡	DET	S-	Case=Nom|Definite=Def|Gender=Fem|Number=Sing|PronType=Dem	á½	det	100
5	100	ÏƒÏ„Î±Î¸Î¼Î¯Î±	NOUN	Nb	Case=Nom|Gender=Fem|Number=Sing	ÏƒÏ„Î±Î¸Î¼Î¯Î±	nsubj	97
5	101	Â·	PUNCT	Z		Â·	punct	97
5	102	á¼Îº	ADP	R-		á¼Îº	case	103
5	103	Ï‡Î±Î»ÎºÎ¿á¿¦	NOUN	Nb	Case=Gen|Gender=Masc|Number=Sing	Ï‡Î±Î»ÎºÏŒÏ‚	ROOT	103
5	104	Î»Î¯Ï„ÏÎ±Î¹	NOUN	Nb	Case=Nom|Gender=Fem|Number=Plur	Î»Î¯Ï„ÏÎ¿Ï‚	nsubj	103
5	105	Î´'	ADV	Df		Î´'	discourse	104
5	106	,	PUNCT	Z		,	punct	103
5	107	ÏƒÎ¹Î´Î®ÏÎ¿Ï…	NOUN	Nb	Case=Gen|Gender=Masc|Number=Sing	ÏƒÎ¯Î´Î·ÏÎ¿Ï‚	nmod	108
5	108	Î»Î¯Ï„ÏÎ±Î¹	NOUN	Nb	Case=Nom|Gender=Fem|Number=Plur	Î»Î¯Ï„ÏÎ±	ROOT	108
5	109	Î±	NUM	Ma	Case=Nom|Gender=Neut|Number=Plur	Î±	nummod	108
5	110	'	ADV	Df		'	dep	108
5	111	,	PUNCT	Z		,	ROOT	111
5	112	ÎºÎ±ÏƒÏƒÎ¹Ï„Î­ÏÎ¿Ï…	ADJ	A-	Case=Gen|Degree=Cmp|Gender=Masc|Number=Sing	ÎºÎ±ÏƒÏƒÎ¯Ï„ÎµÏÎ¿Ï‚	nmod	113
5	113	Î»Î¯Ï„ÏÎ±Î¹	NOUN	Nb	Case=Nom|Gender=Fem|Number=Plur	Î»Î¯Ï„ÏÎ¿Ï‚	conj	111
5	114	Î²	NUM	Ma		Î‘Î’Î“	nummod	113
5	115	'	NUM	Ma		'	dep	111
5	116	ğ…µ	NUM	Ma		ğ…µ	fixed	111
5	117	,	PUNCT	Z		,	det	119
5	118	Î¼Î¿Î»ÏÎ²Î´Î¿Ï…	NOUN	Nb	Case=Gen|Gender=Masc|Number=Sing	Î¼ÏŒÎ»Ï…Î²Î´Î¿Ï‚	nmod	119
5	119	Î»Î¯Ï„ÏÎ±Î¹	NOUN	Nb	Case=Nom|Gender=Fem|Number=Plur	Î»Î¯Ï„ÏÎ¿Ï‚	ROOT	119
5	120	Î²	NUM	Ma		Î‘Î’Î“	nummod	119
5	121	'	NUM	Ma		'	det	119
5	122	ğ…µ	PRON	Ma	Case=Acc|Gender=Neut|Number=Sing|PronType=Rel	ğ…µ	fixed	121
5	123	,	PUNCT	Z		,	ROOT	123
5	124	á½	PRON	S-	Case=Nom|Gender=Masc|Number=Sing|Person=3|PronType=Prs	á½	nsubj	128
5	125	Î¼á½²Î½	ADV	Df		Î¼Î­Î½	discourse	124
5	126	Ï„Î¿á¿¦	DET	S-	Case=Gen|Definite=Def|Gender=Masc|Number=Sing|PronType=Dem	á½	det	127
5	127	Ï‡Î±Î»ÎºÎ¿á¿¦	NOUN	Nb	Case=Gen|Gender=Masc|Number=Sing	Ï‡Î±Î»ÎºÏŒÏ‚	nmod	124
5	128	,	PUNCT	Z		,	ROOT	128
5	129	Î»Î¬Î¼Î²Î±Î½Îµ	VERB	V-	Mood=Imp|Number=Sing|Person=2|Tense=Pres|VerbForm=Fin|Voice=Act	Î»Î±Î¼Î²Î¬Î½Ï‰	ROOT	129
5	130	á¼€ÏÎ³ÏÏÎ¿Ï…	NOUN	Nb	Case=Gen|Gender=Masc|Number=Sing	á¼„ÏÎ³Ï…ÏÎ¿Ï‚	nmod	131
5	131	Î»Î¯Ï„ÏÎ±Î½	NOUN	Nb	Case=Acc|Gender=Fem|Number=Sing	Î»Î¯Ï„ÏÎ±	obj	129
5	132	Î±	PRON	Pr	Case=Acc|Gender=Neut|Number=Plur|PronType=Rel	Î±	dep	129
5	133	'	ADV	Df		'	dep	129
5	134	Â·	PUNCT	Z		Â·	punct	129
5	135	á¼”ÏƒÏ„Î¹	AUX	V-	Mood=Ind|Number=Sing|Person=3|Tense=Pres|VerbForm=Fin|Voice=Act	Îµá¼°Î¼Î¯	cop	137
5	136	Î±á½Ï„Î¿á¿¦	PRON	Pp	Case=Gen|Gender=Masc|Number=Sing|Person=3|PronType=Prs	Î±á½Ï„ÏŒÏ‚	det	137
5	137	ÎºÎ¬Ï„Î¿Ï‡Î¿Ï‚	NOUN	Nb	Case=Nom|Gender=Masc|Number=Sing	ÎºÎ¬Ï„Î¿Ï‡Î¿Ï‚	ROOT	137
5	138	.	PUNCT	Z		.	punct	137
6	0	á¼œÏ‡Î¿Ï…ÏƒÎ¹Î½	VERB	V-	Mood=Ind|Number=Plur|Person=3|Tense=Pres|VerbForm=Fin|Voice=Act	á¼”Ï‡Î¿Ï…ÏƒÎ¹Î½	ROOT	0
6	1	Î´á½²	ADV	Df		Î´Î­	discourse	0
6	2	á¼Î½	ADP	R-		á¼Î½	case	5
6	3	Ï„Î±á¿–Ï‚	DET	S-	Case=Dat|Definite=Def|Gender=Fem|Number=Plur|PronType=Dem	á½	det	5
6	4	á¼„Î»Î»Î±Î¹Ï‚	ADJ	A-	Case=Dat|Degree=Pos|Gender=Fem|Number=Plur	á¼„Î»Î»Î¿Ï‚	amod	5
6	5	Î³ÏÎ±Ï†Î±á¿–Ï‚	NOUN	Nb	Case=Dat|Gender=Fem|Number=Plur	Î³ÏÎ±Ï†Î®	obl	0
6	6	ÎºÎ±á½¶	CCONJ	C-		ÎºÎ±Î¯	cc	0
6	7	Î´Î¹Î±Ï†ÏŒÏÎ¿Ï…Ï‚	ADJ	A-	Case=Acc|Degree=Pos|Gender=Masc|Number=Plur	Î´Î¹Î¬Ï†Î¿ÏÎ¿Ï‚	amod	8
6	8	ÏƒÏ„Î±Î¸Î¼Î¿á½ºÏ‚	NOUN	Nb	Case=Acc|Gender=Masc|Number=Plur	ÏƒÏ„Î±Î¸Î¼ÏŒÏ‚	conj	0
6	9	,	PUNCT	Z		,	cc	0
6	10	ÎºÎ±á½¶	CCONJ	C-		ÎºÎ±Î¯	cc	9
6	11	Î¼Î¯Î¾ÎµÎ¹Ï‚	NOUN	Nb	Case=Acc|Gender=Fem|Number=Plur	Î¼ÎµÎ¯Î³Î½Ï…Î¼Î¹	conj	9
6	12	ÎºÎ±á½¶	CCONJ	C-		ÎºÎ±Î¯	cc	11
6	13	á¼ÏÎ³Î±ÏƒÎ¯Î±Ï‚	NOUN	Nb	Case=Acc|Gender=Fem|Number=Plur	á¼ÏÎ³Î±ÏƒÎ¯Î±	conj	0
6	14	,	PUNCT	Z		,	punct	0
6	15	ÎºÎ±á½¶	CCONJ	C-		ÎºÎ±Î¯	cc	17
6	16	Î±á½Ï„á½°Ï‚	PRON	Pp	Case=Acc|Gender=Fem|Number=Plur|Person=3|PronType=Prs	Î±á½Ï„ÏŒÏ‚	nsubj	17
6	17	ÎºÎ±Î»á½°Ï‚	ADJ	A-	Case=Acc|Degree=Pos|Gender=Fem|Number=Plur	ÎºÎ±Î»ÏŒÏ‚	ROOT	17
6	18	ÎºÎ±á½¶	CCONJ	C-		ÎºÎ±Î¯	cc	17
6	19	Î¿á½ÎºÎµá¿–	ADV	Df	Polarity=Neg	Î¿á½ÎºÎ­Ï‰	advmod	20
6	20	ÎºÎµÎ½á½°	ADJ	A-	Case=Acc|Degree=Pos|Gender=Neut|Number=Plur	ÎºÎµÎ½ÏŒÏ‚	conj	17
6	21	,	PUNCT	Z		,	cc	17
6	22	Î¿á½Î´á½²	CCONJ	C-		Î¿á½Î´Î­	cc	21
6	23	Î¼Î±Ï„Î±Î¯Î¿Ï…Ï‚	ADJ	A-	Case=Acc|Degree=Pos|Gender=Masc|Number=Plur	Î¼Î¬Ï„Î±Î¹Î¿Ï‚	conj	21
6	24	.	PUNCT	Z		.	punct	17
6	25	ÎŸá¼±	PRON	Pp	Case=Nom|Gender=Masc|Number=Plur|Person=3|PronType=Prs	á½	nsubj	35
6	26	Î¼á½²Î½	ADV	Df		Î¼Î­Î½	discourse	35
6	27	Î³á½°Ï	ADV	Df		Î³Î¬Ï	discourse	35
6	28	Î±á½Ï„á¿¶Î½	PRON	Pp	Case=Gen|Gender=Masc|Number=Plur|Person=3|PronType=Prs	Î±á½Ï„ÏŒÏ‚	nmod	25
6	29	á½…Î»Î±	ADJ	A-	Case=Acc|Degree=Pos|Gender=Neut|Number=Plur	á½…Î»Î¿Ï‚	amod	31
6	30	Ï„á½°	DET	S-	Case=Acc|Definite=Def|Gender=Neut|Number=Plur|PronType=Dem	á½	det	31
6	31	ÏƒÏÎ¼Î±Ï„Î±	NOUN	Nb	Case=Acc|Gender=Neut|Number=Plur	Ïƒá¿¶Î¼Î±	obj	35
6	32	á½‘Ï†'	ADP	R-		á½‘Ï†'	case	33
6	33	á¼“Î½	NUM	Ma	Case=Acc|Gender=Neut|Number=Sing	Îµá¼·Ï‚	obl	34
6	34	Î¼Î¹Î³Î½ÏÎ½Ï„ÎµÏ‚	VERB	V-	Case=Nom|Gender=Masc|Number=Plur|Tense=Pres|VerbForm=Part|Voice=Act	Î¼Î¹Î³Î½ÏÏ…Ï‚	advcl	35
6	35	á¼”Ï‡Î¿Ï…ÏƒÎ¹Î½	VERB	V-	Mood=Ind|Number=Plur|Person=3|Tense=Pres|VerbForm=Fin|Voice=Act	á¼”Ï‡Ï‰	ROOT	35
6	36	ÏƒÎºÏ‰ÏÎ¯Î±Î½	NOUN	Nb	Case=Acc|Gender=Fem|Number=Sing	ÏƒÎºÏ‰ÏÎ¯Î±	obj	35
6	37	á¼¢	CCONJ	C-		á¼¤	cc	35
6	38	ÎºÎ±á½¶	ADV	Df		ÎºÎ±Î¯	advmod	39
6	39	á¼ÏÎ³Î¬Î¶Î¿Î½Ï„Î±Î¹	VERB	V-	Mood=Ind|Number=Plur|Person=3|Tense=Pres|VerbForm=Fin|Voice=Mid	á¼ÏÎ³Î¬Î¶Î¿Î¼Î±Î¹	conj	35
6	40	Â·	PUNCT	Z		Â·	punct	35
6	41	Î¿á¼±	PRON	Pp	Case=Nom|Gender=Masc|Number=Plur|Person=3|PronType=Prs	á½	nsubj	46
6	42	Î´á¾½	ADV	Df		Î´á¾½	discourse	46
6	43	á¼Ï€Î¹ÎµÎ¹	ADV	Df		á¼Ï€Î¹ÎµÎ¹	advmod	46
6	44	ÎºÎ±á½¶	ADV	Df		ÎºÎ±Î¯	advmod	45
6	45	á¼‘Ï„Î­ÏÏ‰Î½	ADJ	A-	Case=Gen|Degree=Pos|Gender=Masc|Number=Plur	á¼•Ï„ÎµÏÎ¿Ï‚	obj	46
6	46	Ï€Î¿Î¹Î¿á¿¦ÏƒÎ¹Î½	VERB	V-	Mood=Ind|Number=Plur|Person=3|Tense=Pres|VerbForm=Fin|Voice=Act	Ï€Î¿Î¹Î­Ï‰	ROOT	46
6	47	,	PUNCT	Z		,	punct	46
6	48	Ï€ÏÎ¿ÎºÎ±Î¸Î±Î¯ÏÎ¿Ï…ÏƒÎ¹Î½	VERB	V-	Mood=Ind|Number=Plur|Person=3|Tense=Pres|VerbForm=Fin|Voice=Act	Ï€ÏÎ¿ÎºÎ±Î¸Î±Î¯ÏÏ‰	ROOT	48
6	49	Î³á½°Ï	ADV	Df		Î³Î¬Ï	discourse	48
6	50	Ï„á½¸Î½	DET	S-	Case=Acc|Definite=Def|Gender=Masc|Number=Sing|PronType=Dem	á½	det	51
6	51	Ï‡Î±Î»Îºá½¸Î½	NOUN	Nb	Case=Acc|Gender=Masc|Number=Sing	Ï‡Î±Î»ÎºÏŒÏ‚	obj	48
6	52	,	PUNCT	Z	Aspect=Perf|Mood=Ind|Number=Plur|Person=3|Tense=Past|VerbForm=Fin|Voice=Act	,	dep	48
6	53	á½¡Ï‚	ADV	Dq	PronType=Rel	á½¡Ï‚	advmod	54
6	54	á¼Î½Î´Î­Ï‡ÎµÏ„Î±Î¹	VERB	V-	Mood=Ind|Number=Sing|Person=3|Tense=Pres|VerbForm=Fin|Voice=Mid	á¼Î½Î´Î­Ï‡Î¿Î¼Î±Î¹	advcl	52
6	55	,	PUNCT	Z		,	parataxis	48
6	56	ÎºÎ±á½¶	CCONJ	C-		ÎºÎ±Î¯	cc	48
6	57	Î¼Î¯ÏƒÎ³Î¿Ï…ÏƒÎ¹Î½	VERB	V-	Mood=Ind|Number=Plur|Person=3|Tense=Pres|VerbForm=Fin|Voice=Act	Î¼Î¯ÏƒÎ³Î¿Ï…ÏƒÎ¹Ï‚	conj	48
6	58	Ï„á½¸Î½	DET	S-	Case=Acc|Definite=Def|Gender=Masc|Number=Sing|PronType=Dem	á½	det	59
6	59	á¼„ÏÎ³Ï…ÏÎ¿Î½	NOUN	Nb	Case=Acc|Gender=Masc|Number=Sing	á¼„ÏÎ³Ï…ÏÎ¿Ï‚	obj	57
6	60	Â·	PUNCT	Z		Â·	punct	48
6	61	Îµá¼¶Ï„Î±	ADV	Df		Îµá¼¶Ï„Î±	advmod	65
6	62	Ï„á½¸Î½	DET	S-	Case=Acc|Definite=Def|Gender=Masc|Number=Sing|PronType=Dem	á½	det	63
6	63	ÏƒÎ¯Î´Î·ÏÎ¿Î½	NOUN	Nb	Case=Acc|Gender=Masc|Number=Sing	ÏƒÎ¯Î´Î·ÏÎ¿Ï‚	obj	64
6	64	á¼€ÏÏƒÎµÎ½ÏÏƒÎ±Î½Ï„ÎµÏ‚	VERB	V-	Aspect=Perf|Case=Nom|Gender=Masc|Number=Plur|Tense=Past|VerbForm=Part|Voice=Act	á¼€ÏÏƒÎµÎ½ÏÎ¶Ï‰	advcl	65
6	65	,	PUNCT	Z		,	ROOT	65
6	66	á½¡Ï‚	ADV	Df		á½¡Ï‚	advmod	65
6	67	á¼Î½	ADP	R-		á¼Î½	case	69
6	68	Ï„á¿·	DET	S-	Case=Dat|Definite=Def|Gender=Masc|Number=Sing|PronType=Dem	á½	det	69
6	69	Ï‡Î±Î»Îºá¿·	NOUN	Nb	Case=Dat|Gender=Masc|Number=Sing	Ï‡Î±Î»ÎºÏŒÏ‚	obl	66
6	70	,	PUNCT	Z		,	punct	65
6	71	ÎºÎ±á½¶	CCONJ	C-		ÎºÎ±Î¯	ROOT	71
6	72	Ï€Î¿Î¹Î®ÏƒÎ±Î½Ï„ÎµÏ‚	VERB	V-	Aspect=Perf|Case=Nom|Gender=Masc|Number=Plur|Tense=Past|VerbForm=Part|Voice=Act	Ï€Î¿Î¹Î­Ï‰	conj	74
6	73	á¼Ï€Î±Î»á½¸Î½	ADJ	A-	Case=Acc|Degree=Pos|Gender=Neut|Number=Sing	á¼Ï€Î±Î»ÏŒÏ‚	obj	72
6	74	,	PUNCT	Z		,	ROOT	74
6	75	ÏƒÎ¼Î¯Î³Î¿Ï…ÏƒÎ¹Î½	VERB	V-	Mood=Ind|Number=Plur|Person=3|Tense=Pres|VerbForm=Fin|Voice=Act	ÏƒÎ¼Î¯Î³Ï‰	ROOT	75
6	76	Â·	PUNCT	Z		Â·	punct	75
6	77	Ï„á½¸Î½	DET	S-	Case=Acc|Definite=Def|Gender=Masc|Number=Sing|PronType=Dem	á½	det	85
6	78	Î´á½²	ADV	Df		Î´Î­	discourse	83
6	79	ÎºÎ±ÏƒÏƒÎ¯Ï„ÎµÏÎ¿Î½	NOUN	Nb	Case=Acc|Gender=Masc|Number=Sing	ÎºÎ±ÏƒÏƒÎ¯Ï„ÎµÏÎ¿Ï‚	obj	82
6	80	ÎºÎ±á½¶	CCONJ	C-		ÎºÎ±Î¯	cc	79
6	81	Î¼ÏŒÎ»Ï…Î²Î´Î¿Î½	NOUN	Nb	Case=Acc|Gender=Masc|Number=Sing	Î¼ÏŒÎ»Ï…Î²Î´Î¿Ï‚	conj	79
6	82	Î»ÏÏƒÎ±Î½Ï„ÎµÏ‚	VERB	V-	Aspect=Perf|Case=Nom|Gender=Masc|Number=Plur|Tense=Past|VerbForm=Part|Voice=Act	Î»ÏÏ‰	advcl	83
6	83	á¼Ï€Î¹Î´Î¬Î»Î»Î¿Ï…ÏƒÎ¹Î½	VERB	V-	Mood=Ind|Number=Plur|Person=3|Tense=Pres|VerbForm=Fin|Voice=Act	á¼Ï€Î¹Î´Î¬Î»Î»Ï‰	ROOT	83
6	84	Ï„á½°	DET	S-	Case=Acc|Definite=Def|Gender=Neut|Number=Plur|PronType=Dem	á½	det	85
6	85	Î¼Î­Ï„Î±Î»Î»Î±	NOUN	Nb	Case=Acc|Gender=Neut|Number=Plur	Î¼Î­Ï„Î±Î»Î»Î¿Î½	obj	83
6	86	ÎºÎ±á½¶	CCONJ	C-		ÎºÎ±Î¯	cc	83
6	87	ÏƒÎºÎ¿ÏÏ€Î¹ÏƒÏ„Î¹Îºá¿‡	ADJ	A-	Case=Dat|Degree=Pos|Gender=Fem|Number=Sing	ÏƒÎºÎ¿ÏÏ€Î¹ÏƒÏ„Î¹ÎºÏŒÏ‚	amod	88
6	88	ÎºÎ±Î¼Î¯Î½á¿³	NOUN	Nb	Case=Dat|Gender=Fem|Number=Sing	ÎºÎ¬Î¼Î¹Î½Î¿Ï‚	obl	83
6	89	,	PUNCT	Z	Aspect=Perf|Mood=Ind|Number=Plur|Person=3|Tense=Past|VerbForm=Fin|Voice=Act	,	dep	83
6	90	ÎºÎ±á½¶	CCONJ	C-		ÎºÎ±Î¯	cc	93
6	91	Ï†ÏÏÎ¾Î±Î½Ï„ÎµÏ‚	VERB	V-	Aspect=Perf|Case=Nom|Gender=Masc|Number=Plur|Tense=Past|VerbForm=Part|Voice=Act	Ï†ÏÏÎ¾Î±Î½Ï„ÎµÏ‚	advcl	93
6	92	Î¿á½•Ï„Ï‰	ADV	Df		Î¿á½•Ï„Ï‰Ï‚	advmod	93
6	93	Î»ÎµÎ¯Î¿Ï…ÏƒÎ¹Î½	VERB	V-	Mood=Ind|Number=Plur|Person=3|Tense=Pres|VerbForm=Fin|Voice=Act	Î»Î­Ï‰Î½	ROOT	93
6	94	ÎºÎ±á½¶	CCONJ	C-		ÎºÎ±Î¯	cc	93
6	95	Ï€Î»ÏÎ½Î¿Ï…ÏƒÎ¹Î½	VERB	V-	Mood=Ind|Number=Plur|Person=3|Tense=Pres|VerbForm=Fin|Voice=Act	Ï€Î»ÏÎ½Î¿Ï…Î¼Î¹	conj	93
6	96	Â·	PUNCT	Z		Â·	punct	93
6	97	ÎºÎ±á½¶	CCONJ	C-		ÎºÎ±Î¯	cc	99
6	98	Î¿á½•Ï„Ï‰	ADV	Df		Î¿á½•Ï„Ï‰Ï‚	advmod	99
6	99	Î¼Î¯ÏƒÎ³Î¿Ï…ÏƒÎ¹Î½	VERB	V-	Mood=Ind|Number=Plur|Person=3|Tense=Pres|VerbForm=Fin|Voice=Act	Î¼Î¯ÏƒÎ³Î¿Ï…ÏƒÎ¹Ï‚	ROOT	99
6	100	Ï„á½¸Î½	DET	S-	Case=Acc|Definite=Def|Gender=Masc|Number=Sing|PronType=Dem	á½	det	101
6	101	ÏƒÎ¹Î´Î·ÏÏŒÏ‡Î±Î»ÎºÎ¿Î½	ADJ	A-	Case=Acc|Degree=Pos|Gender=Masc|Number=Sing	ÏƒÎ¹Î´Î·ÏÏŒÏ‡Î±Î»ÎºÎ¿Ï‚	obj	99
6	102	,	PUNCT	Z		,	punct	99
6	103	á¼„Î»Î»Î¿Î¹	ADJ	Px	Case=Nom|Gender=Masc|Number=Plur	á¼„Î»Î»Î¿Ï‚	ROOT	103
6	104	Î´á½²	ADV	Df		Î´Î­	discourse	103
6	105	Ï„á½¸Î½	DET	S-	Case=Acc|Definite=Def|Gender=Masc|Number=Sing|PronType=Dem	á½	det	107
6	106	Î¼á½²Î½	ADV	Df		Î¼Î­Î½	discourse	107
6	107	Î¼ÏŒÎ»Ï…Î²Î´Î¿Î½	NOUN	Nb	Case=Acc|Gender=Masc|Number=Sing	Î¼ÏŒÎ»Ï…Î²Î´Î¿Ï‚	orphan	103
6	108	Â·	PUNCT	Z		Â·	ROOT	108
6	109	ÏƒÎºÎ¿ÏÏ€Î¯Î¶Î¿Ï…ÏƒÎ¹	VERB	V-	Mood=Ind|Number=Plur|Person=3|Tense=Pres|VerbForm=Fin|Voice=Act	ÏƒÎºÎ¿ÏÏ€Î¯Î¶Ï‰	ROOT	109
6	110	Ï„á½°	DET	S-	Case=Acc|Definite=Def|Gender=Neut|Number=Plur|PronType=Dem	á½	det	111
6	111	Î¼Î­Ï„Î±Î»Î»Î±	NOUN	Nb	Case=Acc|Gender=Neut|Number=Plur	Î¼Î­Ï„Î±Î»Î»Î¿Î½	obj	109
6	112	Â·	PUNCT	Z		Â·	punct	109
6	113	Ï„á½¸Î½	DET	S-	Case=Acc|Definite=Def|Gender=Masc|Number=Sing|PronType=Dem	á½	det	115
6	114	Î´á½²	ADV	Df		Î´Î­	discourse	116
6	115	ÎºÎ±ÏƒÏƒÎ¯Ï„ÎµÏÎ¿Î½	ADJ	A-	Case=Acc|Degree=Pos|Gender=Masc|Number=Sing	ÎºÎ±ÏƒÏƒÎ¯Ï„ÎµÏÎ¿Ï‚	obj	116
6	116	,	PUNCT	Z		,	ROOT	116
6	117	á½€Î½Ï…Ï‡Î¿Ï€Î¿Î¹Î®ÏƒÎ±Î½Ï„ÎµÏ‚	VERB	V-	Aspect=Perf|Case=Nom|Gender=Masc|Number=Plur|Tense=Past|VerbForm=Part|Voice=Act	á½€Î½Ï…Ï‡Î¿Ï€Î¿Î¹Î®ÏƒÎ±Î½Ï„ÎµÏ‚	advcl	119
6	118	Î¼Î¯Î³Î¼Î±	NOUN	Nb	Case=Acc|Gender=Neut|Number=Sing	Î¼Î¯Î³Î¼Î±	obj	117
6	119	,	PUNCT	Z	Aspect=Perf|Mood=Ind|Number=Plur|Person=3|Tense=Past|VerbForm=Fin|Voice=Act	,	ROOT	119
6	120	ÎºÎ±á½¶	CCONJ	C-		ÎºÎ±Î¯	cc	119
6	121	Î»Î¿Î¹Ï€á½¸Î½	ADJ	A-	Case=Acc|Degree=Pos|Gender=Neut|Number=Sing	Î»Î¿Î¹Ï€ÏŒÏ‚	advmod	122
6	122	Î²Î¬Î»Î»Î¿Î½Ï„ÎµÏ‚	VERB	V-	Case=Nom|Gender=Masc|Number=Plur|Tense=Pres|VerbForm=Part|Voice=Act	Î²Î¬Î»Î»Ï‰	conj	119
6	123	,	PUNCT	Z		,	cc	127
6	124	Ï„á½¸Î½	DET	S-	Case=Acc|Definite=Def|Gender=Masc|Number=Sing|PronType=Dem	á½	det	126
6	125	Î¼á½²Î½	ADV	Df		Î¼Î­Î½	discourse	127
6	126	Î¼ÏŒÎ»Ï…Î²Î´Î¿Î½	NOUN	Nb	Case=Acc|Gender=Masc|Number=Sing	Î¼ÏŒÎ»Ï…Î²Î´Î¿Ï‚	obj	127
6	127	Î»ÎµÎ¹Î¿á¿¦ÏƒÎ¹Î½	VERB	V-	Mood=Ind|Number=Plur|Person=3|Tense=Pres|VerbForm=Fin|Voice=Act	Î»ÎµÎ¹Î¿á¿¦ÏƒÎ¹Ï‚	ROOT	127
6	128	ÎºÎ±á½¶	CCONJ	C-		ÎºÎ±Î¯	cc	127
6	129	Ï„á½¸Î½	DET	S-	Case=Acc|Definite=Def|Gender=Masc|Number=Sing|PronType=Dem	á½	det	130
6	130	ÎºÎ±ÏƒÏƒÎ¯Ï„ÎµÏÎ¿Î½	ADJ	A-	Case=Acc|Degree=Pos|Gender=Masc|Number=Sing	ÎºÎ±ÏƒÏƒÎ¯Ï„ÎµÏÎ¿Ï‚	obj	132
6	131	á½Î¼Î¿Î¯Ï‰Ï‚	ADV	Df		á½Î¼Î¿Î¯Ï‰Ï‚	advmod	132
6	132	Î»ÎµÎ¹Î¿á¿¦ÏƒÎ¹Î½	VERB	V-	Mood=Ind|Number=Plur|Person=3|Tense=Pres|VerbForm=Fin|Voice=Act	Î»ÎµÎ¹Î¿á¿¦Î¼Î¹	conj	127
6	133	,	PUNCT	Z		,	dep	127
6	134	ÎºÎ±á½¶	CCONJ	C-		ÎºÎ±Î¯	cc	127
6	135	Î¼Î¯ÏƒÎ³Î¿Ï…ÏƒÎ¹Î½	VERB	V-	Mood=Ind|Number=Plur|Person=3|Tense=Pres|VerbForm=Fin|Voice=Act	Î¼Î¯ÏƒÎ³Î¿Ï…ÏƒÎ¹Ï‚	conj	127
6	136	ÎºÎ±á½¶	CCONJ	C-		ÎºÎ±Î¯	cc	135
6	137	Ï€Î»ÏÎ½Î¿Ï…ÏƒÎ¹Î½	VERB	V-	Mood=Ind|Number=Plur|Person=3|Tense=Pres|VerbForm=Fin|Voice=Act	Ï€Î»ÏÎ½Î¿Ï…Î¼Î¹	conj	135
6	138	,	PUNCT	Z		,	appos	126
6	139	ÎºÎ±Î¸á½¼Ï‚	ADV	Dq	PronType=Rel	ÎºÎ±Î¸ÏÏ‚	advmod	140
6	140	Î»ÎµÎ¹Î¿á¿¦Ï„Î±Î¹	VERB	V-	Mood=Ind|Number=Sing|Person=3|Tense=Pres|VerbForm=Fin|Voice=Pass	Î»ÎµÎ¹Î¿á¿¦Ï„Î±Î¹	advcl	138
6	141	á¼”Î¼Ï€ÏÎ¿ÏƒÎ¸ÎµÎ½	ADV	Df		á¼”Î¼Ï€ÏÎ¿ÏƒÎ¸ÎµÎ½	amod	142
6	142	Ï„ÏÏ…Î²Î»Î¯á¿³	NOUN	Nb	Case=Dat|Gender=Neut|Number=Sing	Ï„ÏÏÎ²Î»Î¹Î¿Î½	obl	140
6	143	,	PUNCT	Z		,	conj	127
6	144	ÎºÎ±á½¶	CCONJ	C-		ÎºÎ±Î¯	cc	143
6	145	Ï„Î¿á¿–Ï‚	DET	S-	Case=Dat|Definite=Def|Gender=Masc|Number=Plur|PronType=Dem	á½	det	146
6	146	á¼„Î»Î»Î¿Î¹Ï‚	ADJ	A-	Case=Dat|Degree=Pos|Gender=Masc|Number=Plur	á¼„Î»Î»Î¿Ï‚	conj	143
6	147	.	PUNCT	Z		.	punct	127
6	148	Î•á¼°	SCONJ	G-		Îµá¼°	mark	151
6	149	Î¼á½´	ADV	Df	Polarity=Neg	Î¼Î®	advmod	151
6	150	Î³á½°Ï	ADV	Df		Î³Î¬Ï	discourse	151
6	151	Ï€Î»Ï…Î½Î¸á¿‡	VERB	V-	Aspect=Perf|Mood=Sub|Number=Sing|Person=3|Tense=Past|VerbForm=Fin|Voice=Pass	Ï€Î»Ï…Î½Î¸Î­Ï‰	advcl	158
6	152	ÎºÎ±á½¶	CCONJ	C-		ÎºÎ±Î¯	cc	151
6	153	á¼€ÏÎ¸á¿‡	VERB	V-	Aspect=Perf|Mood=Sub|Number=Sing|Person=3|Tense=Past|VerbForm=Fin|Voice=Pass	á¼€ÎµÎ¯ÏÏ‰	conj	151
6	154	á¼¡	DET	S-	Case=Nom|Definite=Def|Gender=Fem|Number=Sing|PronType=Dem	á½	det	155
6	155	Î¼ÎµÎ»Î±Î½Î¯Î±	NOUN	Nb	Case=Nom|Gender=Fem|Number=Sing	Î¼ÎµÎ»Î±Î½Î¯Î±	nsubj:pass	153
6	156	á¼€Ï€	ADP	R-		á¼€Ï€	case	157
6	157	Î±á½Ï„Î¿á¿¦	PRON	Pp	Case=Gen|Gender=Masc|Number=Sing|Person=3|PronType=Prs	Î±á½Ï„ÏŒÏ‚	obl	153
6	158	,	PUNCT	Z		,	ROOT	158
6	159	Î¿á½Î´Î­Î½	ADJ	Px	Case=Nom|Gender=Neut|Number=Sing	Î¿á½Î´ÎµÎ¯Ï‚	ROOT	159
6	160	á¼ÏƒÏ„Î¹Î½	AUX	V-	Mood=Ind|Number=Sing|Person=3|Tense=Pres|VerbForm=Fin|Voice=Act	Îµá¼°Î¼Î¯	cop	159
6	161	.	PUNCT	Z		.	punct	159
6	162	Î‘á¼´ÏÎµÏ„Î±Î¹	VERB	V-	Mood=Ind|Number=Sing|Person=3|Tense=Pres|VerbForm=Fin|Voice=Pass	Î‘á¼´ÏÎµÏ„Î±Î¹	ROOT	162
6	163	Î´á½²	ADV	Df		Î´Î­	discourse	162
6	164	Î´Î¹á½°	ADP	R-		Î´Î¹Î¬	case	165
6	165	Ï€Î»ÏÏƒÎµÏ‰Ï‚	NOUN	Nb	Case=Gen|Gender=Fem|Number=Sing	Ï€Î»ÏÏƒÎµÏ‰Ï‚	obl	162
6	166	ÎºÎ±á½¶	CCONJ	C-		ÎºÎ±Î¯	cc	165
6	167	Î¶Î­ÏƒÎµÏ‰Ï‚	NOUN	Nb	Case=Gen|Gender=Fem|Number=Sing	Î¶Î­ÏƒÎ¹Ï‚	conj	165
6	168	Î¼ÎµÏ„á¾½	ADP	R-		Î¼ÎµÏ„á¾½	case	169
6	169	Î±á½Ï„Î¿á¿¦	PRON	Pp	Case=Gen|Gender=Masc|Number=Sing|Person=3|PronType=Prs	Î±á½Ï„ÏŒÏ‚	obl	162
6	170	,	PUNCT	Z		,	punct	162
6	171	Îµá¼¶Ï„Î±	ADV	Df		Îµá¼¶Ï„Î±	advmod	172
6	172	Ï€Î®Î¾ÎµÏ‰Ï‚	NOUN	Nb	Case=Gen|Gender=Fem|Number=Sing	Ï€Î®Î¾ÎµÏ‰Ï‚	ROOT	172
6	173	(	PUNCT	Pp	Polarity=Neg	(	ROOT	173
6	174	f.	PUNCT	Z		f.	punct	173
6	175	263	CCONJ	C-		263	ROOT	175
6	176	v.	PUNCT	Z		v.	punct	175
6	177	)	ADV	Z		)	discourse	175
6	178	,	PUNCT	Z		,	punct	175
6	179	Îµá¼¶Ï„Î±	ADV	Df		Îµá¼¶Ï„Î±	advmod	180
6	180	ÎºÎ±Ï„ÎµÏÎ¬ÏƒÎµÏ‰Ï‚	NOUN	Nb	Case=Gen|Gender=Fem|Number=Sing	ÎºÎ±Ï„ÎµÏÎ¬ÏƒÎµÏ‰Ï‚	ROOT	180
6	181	,	PUNCT	Z		,	cc	180
6	182	Îµá¼¶Ï„Î±	ADV	Df		Îµá¼¶Ï„Î±	advmod	183
6	183	ÏƒÎ®ÏˆÎµÏ‰Ï‚	NOUN	Nb	Case=Gen|Gender=Fem|Number=Sing	Ïƒá¿†ÏˆÎ¹Ï‚	ROOT	183
6	184	,	PUNCT	Z		,	ROOT	184
6	185	Îµá¼¶Ï„Î±	ADV	Df		Îµá¼¶Ï„Î±	advmod	186
6	186	á¼€Î½Î±ÏƒÏ€Î¬ÏƒÎµÏ‰Ï‚	NOUN	Nb	Case=Gen|Gender=Fem|Number=Sing	á¼€Î½Î±ÏƒÏ€Î¬ÏƒÎµÏ‰Ï‚	conj	184
6	187	.	PUNCT	Z		.	punct	184
7	0	Î›Î¿Î¹Ï€á½¸Î½	ADJ	A-	Case=Acc|Degree=Pos|Gender=Neut|Number=Sing	Î»Î¿Î¹Ï€ÏŒÏ‚	advmod	2
7	1	á½	DET	S-	Case=Nom|Definite=Def|Gender=Masc|Number=Sing|PronType=Dem	á½	det	2
7	2	Î¼ÏŒÎ»Ï…Î²Î´Î¿Ï‚	NOUN	Nb	Case=Nom|Gender=Masc|Number=Sing	Î¼ÏŒÎ»Ï…Î²Î´Î¿Ï‚	ROOT	2
7	3	á¼”Ï‡Ï‰Î½	VERB	V-	Case=Nom|Gender=Masc|Number=Sing|Tense=Pres|VerbForm=Part|Voice=Act	á¼”Ï‡Ï‰	acl	2
7	4	Ï„á½°	DET	S-	Case=Acc|Definite=Def|Gender=Neut|Number=Plur|PronType=Dem	á½	det	6
7	5	Î¿á½ÏƒÎ¹Î±ÏƒÏ„Î¹Îºá½°	ADJ	A-	Case=Acc|Degree=Pos|Gender=Neut|Number=Plur	Î¿á½ÏƒÎ¹Î±ÏƒÏ„Î¹ÎºÏŒÏ‚	amod	6
7	6	Îµá¼´Î´Î·	NOUN	Nb	Case=Acc|Gender=Neut|Number=Plur	Îµá¼¶Î´Î¿Ï‚	obj	3
7	7	á¼Îº	ADP	R-		á¼Îº	case	8
7	8	Î´ÎµÏ…Ï„Î­ÏÎ¿Ï…	ADJ	Mo	Case=Gen|Gender=Neut|Number=Sing	Î´ÎµÏÏ„ÎµÏÎ¿Ï‚	advmod	9
7	9	Î²Î±Î»Î»ÏŒÎ¼ÎµÎ½Î±	VERB	V-	Case=Nom|Gender=Neut|Number=Plur|Tense=Pres|VerbForm=Part|Voice=Pass	Î²Î¬Î»Î»Ï‰	advcl	3
7	10	Îµá¼°Ï‚	ADP	R-		Îµá¼°Ï‚	case	12
7	11	Ï„á½´Î½	DET	S-	Case=Acc|Definite=Def|Gender=Fem|Number=Sing|PronType=Dem	á½	det	12
7	12	Î¾Î¬Î½Î¸Ï‰ÏƒÎ¹Î½	NOUN	Nb	Case=Acc|Gender=Fem|Number=Sing	Î¾Î¬Î½Î¸Ï‰ÏƒÎ¹Ï‚	obl	9
7	13	Î¼ÎµÏ„á½°	ADP	R-		Î¼ÎµÏ„Î¬	case	14
7	14	á¼€ÏÎ³ÏÏÎ¿Ï…	NOUN	Nb	Case=Gen|Gender=Masc|Number=Sing	á¼„ÏÎ³Ï…ÏÎ¿Ï‚	obl	9
7	15	,	PUNCT	Z		,	punct	2
7	16	Ï€Î¿Ï„á½²	ADV	Df		Ï€Î¿Ï„Îµ	advmod	19
7	17	Î¼á½²Î½	ADV	Df		Î¼Î­Î½	discourse	16
7	18	ÎºÎ±á½¶	CCONJ	C-		ÎºÎ±Î¯	cc	16
7	19	ÏƒÎºÎ¿ÏÏ€Î¹Î¶ÏŒÎ¼ÎµÎ½Î±	VERB	V-	Case=Nom|Gender=Neut|Number=Plur|Tense=Pres|VerbForm=Part|Voice=Pass	ÏƒÎºÎ¿ÏÏ€Î¯Î¶Ï‰	ROOT	19
7	20	,	PUNCT	Z		,	ROOT	20
7	21	Ï€Î¿Ï„á½²	ADV	Df		Ï€Î¿Ï„Îµ	advmod	23
7	22	Î´á½²	ADV	Df		Î´Î­	discourse	21
7	23	ÏƒÏ…Î½Î»ÎµÎ¹Î¿ÏÎ¼ÎµÎ½Î±	VERB	V-	Case=Nom|Gender=Neut|Number=Plur|Tense=Pres|VerbForm=Part|Voice=Pass	ÏƒÏ…Î½Î»ÎµÎ¹Î¿ÏÎ¼ÎµÎ½Î±	conj	20
7	24	ÎºÎ±á½¶	CCONJ	C-		ÎºÎ±Î¯	cc	23
7	25	ÎºÎ±Ï„Î±ÏƒÏ€ÏÎ¼ÎµÎ½Î±	VERB	V-	Case=Nom|Gender=Neut|Number=Plur|Tense=Pres|VerbForm=Part|Voice=Pass	ÎºÎ±Ï„Î±ÏƒÏ€ÏÎ¼ÎµÎ½Î±	conj	23
7	26	,	PUNCT	Z		,	nmod	32
7	27	ÎºÎ±á½¶	CCONJ	C-		ÎºÎ±Î¯	cc	32
7	28	Î´Î¹á½°	ADP	R-		Î´Î¹Î¬	case	32
7	29	Ï„á¿¶Î½	DET	S-	Case=Gen|Definite=Def|Number=Plur|PronType=Dem	á½	det	32
7	30	á¼„Î»Î»Ï‰Î½	ADJ	A-	Case=Gen|Degree=Pos|Gender=Fem|Number=Plur	á¼„Î»Î»Î¿Ï‚	amod	32
7	31	Î¼Ï…ÏÎ¯Ï‰Î½	NUM	Ma	Case=Gen|Number=Plur	Î¼ÏÏÎ¹Î¿Î¹	nummod	32
7	32	Ï„ÎµÏ‡Î½á¿¶Î½	NOUN	Nb	Case=Gen|Gender=Fem|Number=Plur	Ï„Î­Ï‡Î½Î·	ROOT	32
7	33	Ï„á¿¶Î½	DET	S-	Case=Gen|Definite=Def|Number=Plur|PronType=Dem	á½	det	38
7	34	á¼Î½	ADP	R-		á¼Î½	case	36
7	35	Ï„Î±á¿–Ï‚	DET	S-	Case=Dat|Definite=Def|Gender=Fem|Number=Plur|PronType=Dem	á½	det	36
7	36	Î³ÏÎ±Ï†Î±á¿–Ï‚	NOUN	Nb	Case=Dat|Gender=Fem|Number=Plur	Î³ÏÎ±Ï†Î®	obl	38
7	37	Î±á½Ï„á¿¶Î½	PRON	Pp	Case=Gen|Gender=Masc|Number=Plur|Person=3|PronType=Prs	Î±á½Ï„ÏŒÏ‚	det	36
7	38	Î³Î¹Î½Î¿Î¼Î­Î½Ï‰Î½	VERB	V-	Case=Gen|Gender=Neut|Number=Plur|Tense=Pres|VerbForm=Part|Voice=Mid	Î³Î¯Î³Î½Î¿Î¼Î±Î¹	nmod	32
7	39	Â·	PUNCT	Z		Â·	ROOT	39
7	40	Ï€Î»Î±Ï„Îµá¿–Î±	ADJ	A-	Case=Nom|Degree=Pos|Gender=Fem|Number=Sing	Ï€Î»Î±Ï„ÏÏ‚	ROOT	40
7	41	Î³Î¬Ï	ADV	Df		Î³Î¬Ï	discourse	40
7	42	á¼ÏƒÏ„Î¹Î½	AUX	V-	Mood=Ind|Number=Sing|Person=3|Tense=Pres|VerbForm=Fin|Voice=Act	Îµá¼°Î¼Î¯	cop	40
7	43	á¼¡	DET	S-	Case=Nom|Definite=Def|Gender=Fem|Number=Sing|PronType=Dem	á½	det	44
7	44	Ï„Î­Ï‡Î½Î·	NOUN	Nb	Case=Nom|Gender=Fem|Number=Sing	Ï„Î­Ï‡Î½Î·	nsubj	40
7	45	,	PUNCT	Z		,	punct	40
7	46	ÎºÎ±á½¶	CCONJ	C-		ÎºÎ±Î¯	cc	50
7	47	á½…Î»Î±	ADJ	A-	Case=Nom|Degree=Pos|Gender=Neut|Number=Plur	á½…Î»Î¿Ï‚	amod	49
7	48	Ï„á½°	DET	S-	Case=Nom|Definite=Def|Gender=Neut|Number=Plur|PronType=Dem	á½	det	49
7	49	Î¼Î­ÏÎ·	NOUN	Nb	Case=Nom|Gender=Neut|Number=Plur	Î¼Î­ÏÎ¿Ï‚	nsubj	46
7	50	,	PUNCT	Z		,	ROOT	50
7	51	ÎºÎ±á½¶	CCONJ	C-		ÎºÎ±Î¯	cc	50
7	52	ÏƒÎºÏ‰ÏÎ¯Î´Î¹Î±	NOUN	Nb	Case=Nom|Gender=Neut|Number=Plur	ÏƒÎºÏ‰ÏÎ¯Î´Î¹Î¿Î½	conj	50
7	53	,	PUNCT	Z		,	amod	57
7	54	ÎºÎ±á½¶	CCONJ	C-		ÎºÎ±Î¯	cc	57
7	55	Ï„á½¸	DET	S-	Case=Nom|Definite=Def|Gender=Neut|Number=Sing|PronType=Dem	á½	det	57
7	56	ÎºÎ±Î»Î¿ÏÎ¼ÎµÎ½Î¿Î½	VERB	V-	Case=Nom|Gender=Neut|Number=Sing|Tense=Pres|VerbForm=Part|Voice=Pass	ÎºÎ±Î»Î­Ï‰	acl	57
7	57	á¼Î¾Î¬Î½Î¸Î·Î¼Î±	NOUN	Nb	Case=Nom|Gender=Neut|Number=Sing	á¼Î¾Î¬Î½Î¸Î·Î¼Î±	ROOT	57
7	58	,	PUNCT	Z		,	ROOT	58
7	59	ÎºÎ±á½¶	CCONJ	C-		ÎºÎ±Î¯	cc	58
7	60	á½	DET	S-	Case=Nom|Definite=Def|Gender=Masc|Number=Sing|PronType=Dem	á½	det	61
7	61	Î¼ÏŒÎ»Ï…Î²Î´Î¿Ï‚	NOUN	Nb	Case=Nom|Gender=Masc|Number=Sing	Î¼ÏŒÎ»Ï…Î²Î´Î¿Ï‚	conj	58
7	62	Ï„Î¿á¿¦	DET	S-	Case=Gen|Definite=Def|Gender=Masc,Neut|Number=Sing|PronType=Dem	á½	det	63
7	63	á½€Î¾Ï…Î¶Ï‰Î¼Î¯Î¿Ï…	ADJ	A-	Case=Gen|Degree=Pos|Gender=Masc|Number=Sing	á½€Î¾Ï…Î¶Ï‰Î¼á¿–Î¿Ï‚	nmod	61
7	64	ÎºÎ±á½¶	CCONJ	C-		ÎºÎ±Î¯	cc	63
7	65	Ï‡ÏÏ…ÏƒÎ¿Î¶Ï‰Î¼Î¯Î¿Ï…	ADJ	A-	Case=Gen|Degree=Pos|Gender=Masc|Number=Sing	Ï‡ÏÏ…ÏƒÎ¿Î¶ÏÎ¼Î¹Î¿Ï‚	conj	63
7	66	,	PUNCT	Z		,	dep	58
7	67	ÎºÎ±á½¶	CCONJ	C-		ÎºÎ±Î¯	cc	74
7	68	Îµá¼´	SCONJ	G-		Îµá¼°	mark	70
7	69	Ï„Î¹	DET	Px	Case=Nom|Gender=Neut|Number=Sing	Ï„Î¯Ï‚	det	70
7	70	Ï„Î¿Î¹Î¿á¿¦Ï„Î¿Î½	ADJ	Pd	Case=Nom|Gender=Neut|Number=Sing	Ï„Î¿Î¹Î¿á¿¦Ï„Î¿Ï‚	nsubj	74
7	71	Ï€ÎµÏá½¶	ADP	R-		Ï€ÎµÏÎ¯	case	73
7	72	Ï„Î¿ÏÏ„Î¿Ï…	DET	Pd	Case=Gen|Gender=Masc,Neut|Number=Sing	Î¿á½—Ï„Î¿Ï‚	det	73
7	73	ÏƒÏ„Î¯Ï‡Î¿Ï…	NOUN	Nb	Case=Gen|Gender=Masc|Number=Sing	ÏƒÏ„Î¯Ï‡Ï‰	obl	74
7	74	Î½ÏŒÎµÎ¹	VERB	V-	Mood=Imp|Number=Sing|Person=2|Tense=Pres|VerbForm=Fin|Voice=Act	Î½Î¿Î­Ï‰	ROOT	74
7	75	.	PUNCT	Z		.	punct	74
7	76	Î¤á½¸	DET	S-	Case=Nom|Definite=Def|Gender=Neut|Number=Sing|PronType=Dem	á½	det	84
7	77	Î´á½²	ADV	Df		Î´Î­	discourse	84
7	78	Ï‡ÏÏ…ÏƒÎ¿ÎºÏŒÎ»Î»Î·Î½	PROPN	Nb	Case=Acc|Gender=Fem|Number=Sing	Ï‡ÏÏ…ÏƒÎ¿ÎºÏŒÎ»Î»Î·	nsubj	84
7	79	ÎºÎ±á½¶	CCONJ	C-		ÎºÎ±Î¯	cc	78
7	80	ÏƒÎ¹Î½ÏÏ€Î·Î½	PROPN	Ne	Case=Acc|Gender=Fem|Number=Sing	ÏƒÎ¹Î½ÏÏ€Î·	conj	78
7	81	,	PUNCT	Z		,	cc	78
7	82	ÎºÎ±á½¶	CCONJ	C-		ÎºÎ±Î¯	cc	81
7	83	ÎºÎ±Î¸Î¼Î¯Î±Î½	NOUN	A-	Case=Acc|Gender=Fem|Number=Sing	ÎºÎ±Î¸Î¼Î¯Î±	conj	81
7	84	,	PUNCT	Z		,	ROOT	84
7	85	á½¡Ï‚	ADV	Dq	PronType=Rel	á½¡Ï‚	advmod	86
7	86	á¼”Ï†Î·Î½	VERB	V-	Aspect=Perf|Mood=Ind|Number=Sing|Person=1|Tense=Past|VerbForm=Fin|Voice=Act	Ï†Î·Î¼Î¯	advcl	87
7	87	,	PUNCT	Z		,	ROOT	87
7	88	Î¼ÎµÏ„á½°	ADP	R-		Î¼ÎµÏ„Î¬	case	90
7	89	Ï„Î¿á¿¦	DET	S-	Case=Gen|Definite=Def|Gender=Masc,Neut|Number=Sing|PronType=Dem	á½	det	90
7	90	Î¼Î¿Î»ÏÎ²Î´Î¿Ï…	NOUN	Nb	Case=Gen|Gender=Masc|Number=Sing	Î¼ÏŒÎ»Ï…Î²Î´Î¿Ï‚	obl	87
7	91	,	PUNCT	Z		,	ROOT	91
7	92	Ï„á½°	DET	S-	Case=Acc|Definite=Def|Gender=Neut|Number=Plur|PronType=Dem	á½	det	94
7	93	Î¿á½ÏƒÎ¹Î±ÏƒÏ„Î¹Îºá½°	ADJ	A-	Case=Acc|Degree=Pos|Gender=Neut|Number=Plur	Î¿á½ÏƒÎ¹Î±ÏƒÏ„Î¹ÎºÏŒÏ‚	amod	94
7	94	Îµá¼´Î´Î·	NOUN	Nb	Case=Acc|Gender=Neut|Number=Plur	Îµá¼¶Î´Î¿Ï‚	obj	95
7	95	Î½ÏŒÎµÎ¹	VERB	V-	Mood=Imp|Number=Sing|Person=2|Tense=Pres|VerbForm=Fin|Voice=Act	Î½Î¿Î­Ï‰	ROOT	95
7	96	Â·	PUNCT	Z		Â·	punct	95
7	97	Ï„á½¸	DET	S-	Case=Nom|Definite=Def|Gender=Neut|Number=Sing|PronType=Dem	á½	det	98
7	98	Î¼ÏÏƒÎ¹	ADJ	A-	Case=Nom|Degree=Pos|Gender=Neut|Number=Sing	Î¼ÏÏƒÎ¹	nsubj	105
7	99	Ï„á½¸	DET	S-	Case=Nom|Definite=Def|Gender=Neut|Number=Sing|PronType=Dem	á½	det	100
7	100	á¼€ÏƒÎ¹Î±Ï„Î¹Îºá½¸Î½	ADJ	A-	Case=Nom|Degree=Pos|Gender=Neut|Number=Sing	á¼€ÏƒÎ¹Î±Ï„Î¹ÎºÏŒÏ‚	appos	98
7	101	,	PUNCT	Z		,	cc	98
7	102	Ï„á½¸	DET	S-	Case=Nom|Definite=Def|Gender=Neut|Number=Sing|PronType=Dem	á½	det	104
7	103	Î¸Îµá¿–Î¿Î½	ADJ	A-	Case=Nom|Degree=Pos|Gender=Neut|Number=Sing	Î¸Îµá¿–Î¿Î½	amod	104
7	104	á½•Î´Ï‰Ï	NOUN	Nb	Case=Nom|Gender=Neut|Number=Sing	á½•Î´Ï‰Ï	appos	101
7	105	Î´Î·Î»Î¿á¿–	VERB	V-	Mood=Ind|Number=Sing|Person=3|Tense=Pres|VerbForm=Fin|Voice=Act	Î´Î·Î»ÏŒÏ‰	ROOT	105
7	106	Ï€Î¿Ï„á½²	ADV	Df		Ï€Î¿Ï„Îµ	advmod	105
7	107	Î¼á½²Î½	ADV	Df		Î¼Î­Î½	discourse	105
7	108	Ï„á½¸	DET	S-	Case=Acc|Definite=Def|Gender=Neut|Number=Sing|PronType=Dem	á½	det	109
7	109	Î¼ÎµÏÎ¹Îºá½¸Î½	ADJ	A-	Case=Nom|Degree=Pos|Gender=Neut|Number=Sing	Î¼ÎµÏÎ¹ÎºÏŒÏ‚	nsubj	105
7	110	,	PUNCT	Z	Case=Nom|Definite=Def|Gender=Neut|Number=Sing|PronType=Dem	,	parataxis	105
7	111	Ï€Î¿Ï„á½²	ADV	Df		Ï€Î¿Ï„Îµ	orphan	114
7	112	Î´á½²	ADV	Df		Î´Î­	discourse	111
7	113	Ï„á½¸	DET	S-	Case=Acc|Definite=Def|Gender=Neut|Number=Sing|PronType=Dem	á½	det	114
7	114	ÎºÎ±Î¸ÏŒÎ»Î¿Ï…	ADJ	A-	Case=Nom|Degree=Pos|Gender=Neut|Number=Sing	ÎºÎ±Î¸ÏŒÎ»Î¿Ï…	ROOT	114
7	115	Ï„á½¸	DET	S-	Case=Acc|Definite=Def|Gender=Neut|Number=Sing|PronType=Dem	á½	det	116
7	116	á¼„Î¸Î¹ÎºÏ„Î¿Î½	ADJ	A-	Case=Nom|Degree=Pos|Gender=Neut|Number=Sing	á¼„Î¸Î¹ÎºÏ„Î¿Ï‚	appos	114
7	117	.	PUNCT	Z		.	ROOT	117
7	118	ÎšÎ±á½¶	CCONJ	C-		ÎºÎ±Î¯	cc	126
7	119	Ï„á½¸	DET	S-	Case=Nom|Definite=Def|Gender=Neut|Number=Sing|PronType=Dem	á½	det	121
7	120	Î¼á½²Î½	ADV	Df		Î¼Î­Î½	discourse	126
7	121	Î¼ÎµÏÎ¹ÎºÏŒÎ½	ADJ	A-	Case=Nom|Degree=Pos|Gender=Neut|Number=Sing	Î¼ÎµÏÎ¹ÎºÏŒÏ‚	nsubj	126
7	122	á¼ÏƒÏ„Î¹Î½	AUX	V-	Mood=Ind|Number=Sing|Person=3|Tense=Pres|VerbForm=Fin|Voice=Act	Îµá¼°Î¼Î¯	cop	126
7	123	Ï„á½¸	DET	S-	Case=Nom|Definite=Def|Gender=Neut|Number=Sing|PronType=Dem	á½	det	126
7	124	Î´Î¹á¾½	ADP	R-		Î´Î¹á¾½	case	125
7	125	á¼€ÏƒÎ²Î­ÏƒÏ„Î¿Ï…	NOUN	Nb	Case=Gen|Gender=Fem|Number=Sing	á¼„ÏƒÎ²ÎµÏƒÏ„Î¿Ï‚	obl	126
7	126	á¼”Ï‡Î¿Î½	VERB	V-	Case=Nom|Gender=Neut|Number=Sing|Tense=Pres|VerbForm=Part|Voice=Act	á¼”Ï‡Ï‰	ROOT	126
7	127	Ï€ÏŒÎ±Ï‚	NOUN	Nb	Case=Acc|Gender=Fem|Number=Plur	Ï€ÏŒÎ±	obj	126
7	128	ÎºÎ±á½¶	CCONJ	C-		ÎºÎ±Î¯	cc	126
7	129	Ï€Î¬Î½Ï„Î±	ADJ	Px	Case=Acc|Gender=Neut|Number=Plur	Ï€á¾¶Ï‚	obj	130
7	130	Î»ÎµÎ¹Î¿á¿¦Î½	VERB	V-	Tense=Pres|VerbForm=Inf|Voice=Act	Î»ÎµÎ¹Î­Ï‰	conj	126
7	131	,	PUNCT	Z		,	advmod	126
7	132	á½€Ï€Ï„á½¸Î½	ADJ	A-	Case=Nom|Degree=Pos|Gender=Neut|Number=Sing	á½€Ï€Ï„ÏŒÏ‚	ROOT	132
7	133	Ï„á½¸	DET	S-	Case=Acc|Definite=Def|Gender=Neut|Number=Sing|PronType=Dem	á½	det	134
7	134	Î¼Î­ÏÎ¿Ï‚	NOUN	Nb	Case=Acc|Gender=Neut|Number=Sing	Î¼Î­ÏÎ¿Ï‚	nsubj	132
7	135	Ï„á¿¶Î½	DET	S-	Case=Gen|Definite=Def|Number=Plur|PronType=Dem	á½	det	136
7	136	Î¾Î±Î½Î¸á¿¶Î½	ADJ	A-	Case=Gen|Degree=Pos|Gender=Masc|Number=Plur	Î¾Î±Î½Î¸ÏŒÏ‚	nmod	134
7	137	,	PUNCT	Z		,	advmod	132
7	138	ÎºÎ±á½¶	CCONJ	C-		ÎºÎ±Î¯	cc	137
7	139	ÏƒÎ·Ï€Ï„ÏŒÎ½	ADJ	A-	Case=Acc|Degree=Pos|Gender=Neut|Number=Sing	ÏƒÎ·Ï€Ï„ÏŒÏ‚	conj	137
7	140	Â·	PUNCT	Z		Â·	punct	132
7	141	Ï„á½¸	DET	S-	Case=Nom|Definite=Def|Gender=Neut|Number=Sing|PronType=Dem	á½	det	143
7	142	Î´á½²	ADV	Df		Î´Î­	discourse	143
7	143	ÎºÎ±Î¸ÏŒÎ»Î¿Ï…	ADV	Df		ÎºÎ±Î¸ÏŒÎ»Î¿Ï…	nsubj:pass	144
7	144	,	PUNCT	Z		,	cc	152
7	145	á½…Ï„Î±Î½	ADV	Dq	PronType=Rel	á½…Ï„Î±Î½	advmod	148
7	146	Ï„á½¸	DET	S-	Case=Acc|Definite=Def|Gender=Neut|Number=Sing|PronType=Dem	á½	det	147
7	147	ÏƒÎ±Ï€á½²Ï‚	ADJ	V-	Case=Acc|Degree=Pos|Gender=Neut|Number=Sing	ÏƒÎ±Ï€Î®Ï‚	obj	148
7	148	á¼€Î½Î±Î»ÏÏƒá¿ƒÏ‚	VERB	V-	Aspect=Perf|Mood=Sub|Number=Sing|Person=2|Tense=Past|VerbForm=Fin|Voice=Act	á¼€Î½Î±Î»ÏÎ¶Ï‰	advcl	152
7	149	Ï„á¿·	DET	S-	Case=Dat|Definite=Def|Gender=Masc|Number=Sing|PronType=Dem	á½	det	151
7	150	Ï€ÏÎ¿Ï„Î±Î³Î­Î½Ï„Î¹	VERB	V-	Aspect=Perf|Case=Dat|Gender=Neut|Number=Sing|Tense=Past|VerbForm=Part|Voice=Act	Ï€ÏÎ¿Ï„Î¬Î³Î»Ï‰	acl	151
7	151	Ï‡Î±Î»Îºá¿·	NOUN	Nb	Case=Dat|Gender=Masc|Number=Sing	Ï‡Î±Î»ÎºÏŒÏ‚	obl	148
7	152	,	PUNCT	Z	Case=Nom|Definite=Def|Gender=Neut|Number=Sing|PronType=Dem	,	ROOT	152
7	153	ÎºÎ±á½¶	CCONJ	C-		ÎºÎ±Î¯	cc	152
7	154	á¼€Î½Î±ÏƒÏ€Î¬Ïƒá¿ƒÏ‚	VERB	V-	Aspect=Perf|Mood=Sub|Number=Sing|Person=2|Tense=Past|VerbForm=Fin|Voice=Act	á¼€Î½Î±ÏƒÏ€Î¬Î¶Ï‰	conj	152
7	155	,	PUNCT	Z	Case=Nom|Definite=Def|Gender=Neut|Number=Sing|PronType=Dem	,	conj	152
7	156	Îµá¼´Ï„Îµ	CCONJ	C-		Îµá¼´Ï„Îµ	cc	160
7	157	Î±á¼°Î¸Î¬Î»Î·Î½	NOUN	Nb	Case=Acc|Gender=Fem|Number=Sing	Î±á¼°Î¸Î¬Î»Î·	obj	156
7	158	Î¼ÎµÏ„á½°	ADP	R-		Î¼ÎµÏ„Î¬	case	159
7	159	ÎºÏŒÎ¼Î¼ÎµÏ‰Ï‚	NOUN	Nb	Case=Gen|Gender=Masc|Number=Sing	ÎºÏŒÎ¼Î¼Î¹Ï‚	obl	156
7	160	,	PUNCT	Z	Case=Nom|Definite=Def|Gender=Neut|Number=Sing|PronType=Dem	,	conj	152
7	161	ÎºÎ±á½¶	CCONJ	C-		ÎºÎ±Î¯	cc	160
7	162	á¼”Ï‡ÎµÎ¹Ï‚	VERB	V-	Mood=Ind|Number=Sing|Person=2|Tense=Pres|VerbForm=Fin|Voice=Act	á¼”Ï‡Ï‰	conj	160
7	163	,	PUNCT	Z	Case=Nom|Definite=Def|Gender=Neut|Number=Sing|PronType=Dem	,	nmod	152
7	164	ÎºÎ±á½¶	CCONJ	C-		ÎºÎ±Î¯	cc	165
7	165	Ï€ÎµÏÎ¹Ï‡Î­ÎµÎ¹Ï‚	VERB	V-	Mood=Ind|Number=Sing|Person=2|Tense=Pres|VerbForm=Fin|Voice=Act	Ï€ÎµÏÎ¹Ï‡Î­Ï‰	conj	152
7	166	Î¼Î±Î»Î¬Î³Î¼Î±Ï„Î±	NOUN	Nb	Case=Acc|Gender=Neut|Number=Plur	Î¼Î±Î»Î¬Î³Î¼Î±	obj	165
7	167	,	PUNCT	Z	Case=Nom|Definite=Def|Gender=Neut|Number=Sing|PronType=Dem	,	obl	165
7	168	Ï†Î·Ïƒá½¶Î½	VERB	V-	Mood=Ind|Number=Sing|Person=3|Tense=Pres|VerbForm=Fin|Voice=Act	Ï†Î·Î¼Î¯	parataxis	152
7	169	,	PUNCT	Z	Case=Nom|Definite=Def|Gender=Neut|Number=Sing|PronType=Dem	,	det	172
7	170	Ï„á½¸	DET	S-	Case=Acc|Definite=Def|Gender=Neut|Number=Sing|PronType=Dem	á½	det	172
7	171	Î±á½Ï„á½¸	DET	Pd	Case=Acc|Gender=Neut|Number=Sing	Î±á½Ï„ÏŒÏ‚	det	172
7	172	Î¼Î­ÏÎ¿Ï‚	NOUN	Nb	Case=Acc|Gender=Neut|Number=Sing	Î¼Î­ÏÎ¿Ï‚	obj	168
7	173	Ï„á¿·	DET	S-	Case=Dat|Definite=Def|Gender=Masc,Neut|Number=Sing|PronType=Dem	á½	det	174
7	174	Îµá¼´Î´ÎµÎ¹	NOUN	Nb	Case=Dat|Gender=Neut|Number=Sing	Îµá¼¶Î´Î¿Ï‚	obl	168
7	175	Î¾Î±Î½Î¸Ï‰Î¸Î­Î½Ï„Î¹	VERB	V-	Aspect=Perf|Case=Dat|Gender=Neut|Number=Sing|Tense=Past|VerbForm=Part|Voice=Pass	Î¾Î±Î½Î¸Ï‰Î¸Î­Î½Ï„Î¹	acl	174
7	176	ÎºÎ±á½¶	CCONJ	C-		ÎºÎ±Î¯	cc	175
7	177	á¼€Î½Î±Î´ÎµÎ¹Ï‡Î¸Î­Î½Ï„Î¹	VERB	V-	Aspect=Perf|Case=Dat|Gender=Neut|Number=Sing|Tense=Past|VerbForm=Part|Voice=Pass	á¼€Î½Î±Î´ÎµÎ¹Ï‡Î¸Î­Î¹Ï‚	conj	175
7	178	,	PUNCT	Z	Case=Nom|Definite=Def|Gender=Neut|Number=Sing|PronType=Dem	,	amod	168
7	179	ÎºÎ±á½¶	CCONJ	C-		ÎºÎ±Î¯	cc	168
7	180	Î¶Î­Ïƒá¿ƒÏ‚	VERB	V-	Aspect=Perf|Mood=Sub|Number=Sing|Person=2|Tense=Past|VerbForm=Fin|Voice=Act	Î¶Î­Î¶Ï‰	conj	168
7	181	,	PUNCT	Z	Case=Nom|Definite=Def|Gender=Neut|Number=Sing|PronType=Dem	,	dep	168
7	182	ÎºÎ±á½¶	CCONJ	C-		ÎºÎ±Î¯	cc	168
7	183	Ï„Î¿á¿¦Ï„Î¿	ADJ	Pd	Case=Acc|Gender=Neut|Number=Sing	Î¿á½—Ï„Î¿Ï‚	obj	184
7	184	Ï€Î¿Î¹Î®ÏƒÎ±Ï‚	VERB	V-	Aspect=Perf|Case=Nom|Gender=Masc|Number=Sing|Tense=Past|VerbForm=Part|Voice=Act	Ï€Î¿Î¹Î­Ï‰	advcl	168
7	185	Ï„ÏÎ¯Ï„Î¿Î½	ADJ	Mo	Case=Acc|Gender=Neut|Number=Sing	Ï„ÏÎ¯Ï„Î¿Ï‚	advmod	184
7	186	,	PUNCT	Z		,	conj	152
7	187	ÎºÎ±á½¶	CCONJ	C-		ÎºÎ±Î¯	advmod	189
7	188	Ï„Î¿á¿¦Ï„Î¿	ADJ	Pd	Case=Acc|Gender=Neut|Number=Sing	Î¿á½—Ï„Î¿Ï‚	obj	189
7	189	á¼Ï€Î¹Î²Î¬Î»Î»á¿ƒÏ‚	VERB	V-	Mood=Sub|Number=Sing|Person=2|Tense=Pres|VerbForm=Fin|Voice=Act	á¼Ï€Î¹Î²Î¬Î»Î»Ï‰	ROOT	189
7	190	.	PUNCT	Z		.	punct	189
8	0	á¼œÏ‡Î¿Ï…ÏƒÎ¹Î½	VERB	V-	Mood=Ind|Number=Plur|Person=3|Tense=Pres|VerbForm=Fin|Voice=Act	á¼œÏ‡Ï‰	ROOT	0
8	1	Î¿á½–Î½	ADV	Df		Î¿á½–Î½	discourse	0
8	2	Î±á¼±	DET	S-	Case=Nom|Definite=Def|Gender=Fem|Number=Plur|PronType=Dem	á½	det	4
8	3	á¼€ÏÏ‡Î±á¿–Î±Î¹	ADJ	A-	Case=Nom|Degree=Pos|Gender=Fem|Number=Plur	á¼€ÏÏ‡Î±á¿–Î¿Ï‚	amod	4
8	4	Î³ÏÎ±Ï†Î±á½¶	NOUN	Nb	Case=Nom|Gender=Fem|Number=Plur	Î³ÏÎ±Ï†Î®	nsubj	0
8	5	Ï€Î¿Ï„á½²	ADV	Df		Ï€Î¿Ï„Îµ	advmod	7
8	6	Î¼á½²Î½	ADV	Df		Î¼Î­Î½	discourse	7
8	7	ÎºÎ±Î¸Î·ÏƒÎ¼á½¸Î½	NOUN	Nb	Case=Acc|Gender=Masc|Number=Sing	ÎºÎ±Î¸Î·ÏƒÎ¼ÏŒÏ‚	obj	0
8	8	Ï€Î¬Î½Ï„Î±	DET	Px	Case=Acc|Gender=Neut|Number=Plur	Ï€á¾¶Ï‚	det	7
8	9	,	PUNCT	Z		,	parataxis	0
8	10	Ï€Î¿Ï„á½²	ADV	Df		Ï€Î¿Ï„Îµ	advmod	13
8	11	Î´á½²	ADV	Df		Î´Î­	discourse	10
8	12	ÎºÎ±á½¶	ADV	Df		ÎºÎ±Î¯	advmod	13
8	13	ÏƒÏ…Î³ÎºÎµÏ‡Ï…Î¼Î­Î½Î¿Ï‚	VERB	V-	Aspect=Perf|Case=Nom|Gender=Masc|Number=Sing|Tense=Past|VerbForm=Part|Voice=Pass	ÏƒÏ…Î³Ï‡Î­Ï‰	conj	0
8	14	,	PUNCT	Z		,	parataxis	0
8	15	á¼…Ï„Î¹Î½Î±	PRON	Pr	Case=Nom|Gender=Neut|Number=Plur|PronType=Rel	á½…ÏƒÏ„Î¹Ï‚	nsubj:pass	18
8	16	Ï€Î¬Î½Ï„Î±	DET	Px	Case=Nom|Gender=Neut|Number=Plur	Ï€á¾¶Ï‚	det	15
8	17	ÏƒÎ¿Î¹	PRON	Pp	Case=Dat|Gender=Fem,Masc|Number=Sing|Person=2|PronType=Prs	ÏƒÏ	iobj	18
8	18	á½‘Ï€Î¿Î³ÏÎ±Ï†Î®ÏƒÎµÏ„Î±Î¹	VERB	V-	Mood=Ind|Number=Sing|Person=3|Tense=Fut|VerbForm=Fin|Voice=Pass	á½‘Ï€Î¿Î³ÏÎ±Ï†Î®ÏƒÎ¿Î¼Î±Î¹	ROOT	18
8	19	Â·	PUNCT	Z		Â·	punct	18
8	20	á¼”Ï‡ÎµÎ¹	VERB	V-	Mood=Ind|Number=Sing|Person=3|Tense=Pres|VerbForm=Fin|Voice=Act	á¼”Ï‡Ï‰	ROOT	20
8	21	Î´á½²	ADV	Df		Î´Î­	discourse	20
8	22	á½§Î´Îµ	ADV	Df		á½§Î´Îµ	advmod	20
8	23	.	PUNCT	Z		.	punct	20
8	24	Î›Î±Î²á½¼Î½	VERB	V-	Aspect=Perf|Case=Nom|Gender=Masc|Number=Sing|Tense=Past|VerbForm=Part|Voice=Act	Î»Î±Î¼Î²Î¬Î½Ï‰	advcl	27
8	25	ÎºÏÎ¸ÏÎ±Î½	NOUN	Nb	Case=Acc|Gender=Fem|Number=Sing	ÎºÏÎ¸ÏÎ±	obj	24
8	26	á½ Î¼á½´Î½	ADJ	A-	Case=Acc|Degree=Pos|Gender=Fem|Number=Sing	á½ Î¼ÏŒÏ‚	amod	25
8	27	,	PUNCT	Z		,	ROOT	27
8	28	Î¾Î®ÏÎ±Î½Î¿Î½	VERB	V-	Aspect=Perf|Mood=Imp|Number=Sing|Person=2|Tense=Past|VerbForm=Fin|Voice=Act	Î¾Î·ÏÎ±Î¯Î½Ï‰	ROOT	28
8	29	á¼Î½	ADP	R-		á¼Î½	obl	28
8	30	á¼¡Î¼Î­ÏÎ±Ï‚	NOUN	Nb	Case=Acc|Gender=Fem|Number=Plur	á¼¡Î¼Î­ÏÎ±	obl	29
8	31	Î¹	NUM	Ma		Î¹	nummod	30
8	32	'	NUM	Ma		'	obl	28
8	33	,	PUNCT	Z		,	parataxis	28
8	34	ÎºÎ±á½¶	CCONJ	C-		ÎºÎ±Î¯	cc	35
8	35	Î»Î±Î²á½¼Î½	VERB	V-	Aspect=Perf|Case=Nom|Gender=Masc|Number=Sing|Tense=Past|VerbForm=Part|Voice=Act	Î»Î±Î¼Î²Î¬Î½Ï‰	advcl	44
8	36	á½¤Ï‡ÏÎ±Ï‚	NOUN	A-	Case=Gen|Gender=Fem|Number=Sing	á¼„Ï‡ÏÎ±Ï‚	obj	35
8	37	ÎºÎ±á½¶	CCONJ	C-		ÎºÎ±Î¯	cc	36
8	38	ÎºÏ…Î±Î½Î¿á¿¦	NOUN	Nb	Case=Gen|Gender=Masc|Number=Sing	ÎºÏ…Î±Î½ÏŒÏ‚	conj	36
8	39	á¼€Î½á½°	ADP	R-		á¼€Î½Î¬	case	40
8	40	Î¼Î­ÏÎ¿Ï‚	NOUN	Nb	Case=Acc|Gender=Neut|Number=Sing	Î¼Î­ÏÎ¿Ï‚	obl	35
8	41	Î±	PRON	Pr	Case=Acc|Gender=Neut|Number=Plur|PronType=Rel	Î±	obj	35
8	42	'	ADV	Df		'	obl	35
8	43	,	PUNCT	Z		,	obl	35
8	44	Î»ÎµÎ¯Î¿Ï…	VERB	V-	Mood=Imp|Number=Sing|Person=2|Tense=Pres|VerbForm=Fin|Voice=Act	Î»ÎµÎ¯Î¿Î½	ROOT	44
8	45	á½„Î¾ÎµÎ¹	NOUN	Nb	Case=Dat|Gender=Masc|Number=Sing	á½„Î¾Î¿Ï‚	obl	44
8	46	á¼€ÎºÏÎ¬Ï„á¿³	ADJ	A-	Case=Dat|Degree=Pos|Gender=Masc|Number=Sing	á¼„ÎºÏÎ±Ï„Î¿Ï‚	amod	45
8	47	Â·	PUNCT	Z		Â·	punct	44
8	48	Ï€Î¿Î¹Î®ÏƒÎ±Ï‚	VERB	V-	Aspect=Perf|Case=Nom|Gender=Masc|Number=Sing|Tense=Past|VerbForm=Part|Voice=Act	Ï€Î¿Î¹Î­Ï‰	advcl	51
8	49	Î¼Î­Î»Î¹Ï„Î¿Ï‚	NOUN	Nb	Case=Gen|Gender=Neut|Number=Sing	Î¼Î­Î»Î¹	nmod	50
8	50	Ï€Î¬Ï‡Î¿Ï‚	NOUN	Nb	Case=Acc|Gender=Neut|Number=Sing	Ï€Î¬Ï‡Î¿Ï‚	obj	48
8	51	,	PUNCT	Z		,	ROOT	51
8	52	Ï‡ÏÎ¯Îµ	VERB	V-	Mood=Imp|Number=Sing|Person=2|Tense=Pres|VerbForm=Fin|Voice=Act	Ï‡ÏÎ¯ÎµÏ‚	ROOT	52
8	53	Ï„á½´Î½	DET	S-	Case=Acc|Definite=Def|Gender=Fem|Number=Sing|PronType=Dem	á½	det	54
8	54	ÎºÏÎ¸ÏÎ±Î½	NOUN	Nb	Case=Acc|Gender=Fem|Number=Sing	ÎºÏÎ¸ÏÎ±	obj	52
8	55	á¼”ÏƒÏ‰Î¸ÎµÎ½	ADV	Df		á¼”ÏƒÏ‰Î¸ÎµÎ½	advmod	52
8	56	Â·	PUNCT	Z		Â·	punct	52
8	57	ÎºÎ±á½¶	CCONJ	C-		ÎºÎ±Î¯	cc	59
8	58	(	PUNCT	Df		(	advmod	59
8	59	f.	PUNCT	Z		f.	ROOT	59
8	60	264	ADV	V-		264	ROOT	60
8	61	r.	PUNCT	Z		r.	punct	60
8	62	)	CCONJ	Z		)	cc	63
8	63	á½„Ï€Ï„Î±	VERB	V-	Mood=Imp|Number=Sing|Person=2|Tense=Pres|VerbForm=Fin|Voice=Act	á½€Ï€Ï„Î¬Ï‰	ROOT	63
8	64	ÏƒÎ±Î½Î´Î±ÏÎ¬Ï‡Î·Ï‚	NOUN	Nb	Case=Gen|Gender=Fem|Number=Sing	ÏƒÎ±Î½Î´Î±ÏÎ¬Ï‡Î·	obj	63
8	65	á¼€Î»á¿†Ï‚	ADJ	A-	Case=Gen|Degree=Pos|Gender=Fem|Number=Sing	á¼€Î»Î®	amod	64
8	66	,	PUNCT	Z		,	conj	63
8	67	ÎºÎ±á½¶	CCONJ	C-		ÎºÎ±Î¯	cc	63
8	68	Î»Î±Î²á½¼Î½	VERB	V-	Aspect=Perf|Case=Nom|Gender=Masc|Number=Sing|Tense=Past|VerbForm=Part|Voice=Act	Î»Î±Î¼Î²Î¬Î½Ï‰	conj	63
8	69	á¼°á½¸Î½	NOUN	Nb	Case=Acc|Gender=Masc|Number=Sing	Îµá¼¶Î¼Î¹	obj	68
8	70	Ï‡Î±Î»ÎºÎ¿á¿¦	NOUN	Nb	Case=Gen|Gender=Masc|Number=Sing	Ï‡Î±Î»ÎºÏŒÏ‚	nmod	69
8	71	,	PUNCT	Z		,	cc	63
8	72	Î»ÎµÎ¯Î¿Ï…	ADJ	V-	Case=Gen|Degree=Pos|Gender=Masc|Number=Sing	Î»Îµá¿–Î¿Î½	conj	63
8	73	Î¿á½”Ïá¿³	NOUN	Nb	Case=Dat|Gender=Masc|Number=Sing	Î¿á½–ÏÎ¿Ï‚	obl	72
8	74	á¼€Ï†Î¸ÏŒÏÎ¿Ï…	ADJ	A-	Case=Gen|Degree=Pos|Gender=Masc|Number=Sing	á¼€Ï†Î¸ÏŒÏÎ¿Î¼Î±Î¹	amod	73
8	75	,	PUNCT	Z		,	dep	63
8	76	ÎºÎ±á½¶	CCONJ	C-		ÎºÎ±Î¯	cc	63
8	77	Ï‡ÏÎ¯Îµ	VERB	V-	Mood=Imp|Number=Sing|Person=2|Tense=Pres|VerbForm=Fin|Voice=Act	Ï‡ÏÎ¯ÎµÏ‚	conj	63
8	78	Ï€Î¬Î»Î¹Î½	ADV	Df		Ï€Î¬Î»Î¹Î½	advmod	77
8	79	á¼Ï€Î¬Î½Ï‰	ADP	R-		á¼Ï€Î¬Î½Ï‰	case	81
8	80	Ï„á½´Î½	DET	S-	Case=Acc|Definite=Def|Gender=Fem|Number=Sing|PronType=Dem	á½	det	81
8	81	ÎºÏÎ¸ÏÎ±Î½	NOUN	Nb	Case=Acc|Gender=Fem|Number=Sing	ÎºÏÎ¸ÏÎ±	obl	77
8	82	Â·	PUNCT	Z		Â·	punct	63
8	83	ÎºÎ±á½¶	CCONJ	C-		ÎºÎ±Î¯	cc	85
8	84	Ï€ÎµÏÎ¹Ï†Î·Î¼ÏÏƒÎ±Ï‚	VERB	V-	Aspect=Perf|Case=Nom|Gender=Masc|Number=Sing|Tense=Past|VerbForm=Part|Voice=Act	Ï€ÎµÏÎ¹Ï†Î·Î¼ÏŒÏ‰	advcl	85
8	85	á½„Ï€Ï„Î±	VERB	V-	Mood=Imp|Number=Sing|Person=2|Tense=Pres|VerbForm=Fin|Voice=Act	á½€Ï€Ï„Î¬Ï‰	ROOT	85
8	86	á¼¡Î¼Î­ÏÎ±Ï‚	NOUN	Nb	Case=Acc|Gender=Fem|Number=Plur	á¼¡Î¼Î­ÏÎ±	obl	85
8	87	Î³	ADV	Df		Î‘Î’Î“	discourse	86
8	88	'	ADV	Pp		'	obl	85
8	89	Â·	PUNCT	Z		Â·	punct	85
8	90	ÎºÎ±á½¶	CCONJ	C-		ÎºÎ±Î¯	cc	92
8	91	á¼Î¾ÎµÎ»ÏÎ½	VERB	V-	Aspect=Perf|Case=Nom|Gender=Masc|Number=Sing|Tense=Past|VerbForm=Part|Voice=Act	á¼Î¾Î±Î¹ÏÎ­Ï‰	advcl	92
8	92	Îµá½‘ÏÎ®ÏƒÎµÎ¹Ï‚	VERB	V-	Mood=Ind|Number=Sing|Person=2|Tense=Fut|VerbForm=Fin|Voice=Act	Îµá½‘ÏÎ¯ÏƒÎºÏ‰	ROOT	92
8	93	á½¡Ï‚	ADV	Df		á½¡Ï‚	advmod	92
8	94	ÎºÎ±Î³Ï‡ÏÎ¯Î±	NOUN	Nb	Case=Acc|Gender=Neut|Number=Plur	ÎºÎ±Î³Ï‡ÏÎ¯Î±	obj	93
8	95	Â·	PUNCT	Z		Â·	punct	92
8	96	Ï„Î±á¿¦Ï„Î±	ADJ	Pd	Case=Acc|Gender=Neut|Number=Plur	Î¿á½—Ï„Î¿Ï‚	obj	97
8	97	á¼Ï€Î¯Î²Î±Î»Î»Îµ	VERB	V-	Mood=Imp|Number=Sing|Person=2|Tense=Pres|VerbForm=Fin|Voice=Act	á¼Ï€Î¹Î²Î¬Î»Î»Ï‰	ROOT	97
8	98	á¼€ÏÎ³ÏÏá¿³	NOUN	Nb	Case=Dat|Gender=Masc|Number=Sing	á¼„ÏÎ³Ï…ÏÎ¿Ï‚	iobj	97
8	99	,	PUNCT	Z		,	parataxis	97
8	100	Î¿á¼±	PRON	Pp	Case=Nom|Gender=Masc|Number=Plur|Person=3|PronType=Prs	á½	nsubj:pass	102
8	101	Î¼á½²Î½	ADV	Df		Î¼Î­Î½	discourse	100
8	102	Î¼ÎµÎ»Î±Î½Ï‰Î¸Î­Î½Ï„Î¹	VERB	V-	Aspect=Perf|Case=Dat|Gender=Masc|Number=Sing|Tense=Past|VerbForm=Part|Voice=Pass	Î¼ÎµÎ»Î±Î½Ï‰Î¸Î­Î½	ROOT	102
8	103	,	PUNCT	Z		,	ROOT	103
8	104	Î¿á¼±	PRON	Pp	Case=Nom|Gender=Masc|Number=Plur|Person=3|PronType=Prs	á½	nsubj:pass	107
8	105	Î´á½²	ADV	Df		Î´Î­	discourse	104
8	106	Î¿á½	ADV	Df	Polarity=Neg	Î¿á½	advmod	107
8	107	ÏˆÏ…Î³á¿†	VERB	V-	Aspect=Perf|Mood=Sub|Number=Sing|Person=3|Tense=Past|VerbForm=Fin|Voice=Pass	ÏˆÏ…Î³á¿†	conj	103
8	108	Ï‡ÏÏ…Ïƒá½¸Î½	NOUN	Nb	Case=Acc|Gender=Masc|Number=Sing	Ï‡ÏÏ…ÏƒÏŒÏ‚	obj	107
8	109	Î¼ÎµÎ»Î¬Î½Ï‰ÏƒÎ¹Ï‚	NOUN	Nb	Case=Nom|Gender=Fem|Number=Sing	Î¼ÎµÎ»Î¬Î½Ï‰ÏƒÎ¹Ï‚	nsubj:pass	107
8	110	Â·	PUNCT	Z		Â·	ROOT	110
8	111	á½¤Ï‡ÏÎ±Ï‚	ADJ	A-	Case=Gen|Degree=Pos|Gender=Fem|Number=Sing	á½¤Ï‡ÏÎ±Ï‚	nmod	112
8	112	Î¼Î­ÏÎ¿Ï‚	NOUN	Nb	Case=Nom|Gender=Neut|Number=Sing	Î¼Î­ÏÎ¿Ï‚	nsubj	116
8	113	,	PUNCT	Z		,	cc	111
8	114	ÎºÎ±ÏƒÏƒÎ¹Ï„Î­ÏÎ¿Ï…	ADJ	A-	Case=Gen|Degree=Cmp|Gender=Masc|Number=Sing	ÎºÎ±ÏƒÏƒÎ¯Ï„ÎµÏÎ¿Ï‚	nmod	115
8	115	Î¼Î­ÏÎ¿Ï‚	NOUN	Nb	Case=Acc|Gender=Neut|Number=Sing	Î¼Î­ÏÎ¿Ï‚	conj	113
8	116	Ï€ÏÎ¿ÏƒÏ€Î¿Î¹Îµá¿–	VERB	V-	Mood=Ind|Number=Sing|Person=3|Tense=Pres|VerbForm=Fin|Voice=Act	Ï€ÏÎ¿ÏƒÏ€Î¿Î¹Î­Ï‰	ROOT	116
8	117	á¼€Î¼Ï†ÏŒÏ„ÎµÏÎ±	ADJ	A-	Case=Acc|Degree=Pos|Gender=Neut|Number=Plur	á¼€Î¼Ï†ÏŒÏ„ÎµÏÎ¿Î¹	obj	116
8	118	,	PUNCT	Z		,	xcomp	116
8	119	Ï„á½¸Î½	DET	S-	Case=Acc|Definite=Def|Gender=Masc|Number=Sing|PronType=Dem	á½	det	121
8	120	Î±á½Ï„á½¸Î½	DET	Pd	Case=Acc|Gender=Masc|Number=Sing	Î±á½Ï„ÏŒÏ‚	det	121
8	121	ÏƒÎ¯Î´Î·ÏÎ¿Î½	NOUN	Nb	Case=Acc|Gender=Masc|Number=Sing	ÏƒÎ¯Î´Î·ÏÎ¿Ï‚	ROOT	121
8	122	Ï€Ïá½¸Ï‚	ADP	R-		Ï€ÏÏŒÏ‚	case	124
8	123	Ï„á½¸	DET	S-	Case=Acc|Definite=Def|Gender=Neut|Number=Sing|PronType=Dem	á½	det	124
8	124	á¼´ÏƒÎ¿Î½	ADJ	A-	Case=Acc|Degree=Pos|Gender=Neut|Number=Sing	á¼´ÏƒÎ¿Ï‚	advmod	121
8	125	Â·	PUNCT	Z		Â·	ROOT	125
8	126	ÎºÎ±á½¶	CCONJ	C-		ÎºÎ±Î¯	cc	130
8	127	Î¼Î±Î³Î½Î·ÏƒÎ¯á¾³	PROPN	Ne	Case=Nom|Gender=Fem|Number=Sing	Î¼Î±Î³Î½Î·ÏƒÎ¯Î±	iobj	130
8	128	Ï„á½¸	DET	S-	Case=Acc|Definite=Def|Gender=Neut|Number=Sing|PronType=Dem	á½	det	129
8	129	Î±á½Ï„á½¸	PRON	Pp	Case=Acc|Gender=Neut|Number=Sing|Person=3|PronType=Prs	Î±á½Ï„ÏŒÏ‚	obj	130
8	130	Ï€Î¿Î¹Î®ÏƒÎµÎ¹Ï‚	VERB	V-	Mood=Ind|Number=Sing|Person=2|Tense=Fut|VerbForm=Fin|Voice=Act	Ï€Î¿Î¹Î­Ï‰	ROOT	130
8	131	Â·	PUNCT	Z		Â·	punct	130
8	132	ÎºÎ±á½¶	CCONJ	C-		ÎºÎ±Î¯	cc	133
8	133	Î»Î±Î²á½¼Î½	VERB	V-	Aspect=Perf|Case=Nom|Gender=Masc|Number=Sing|Tense=Past|VerbForm=Part|Voice=Act	Î»Î±Î¼Î²Î¬Î½Ï‰	advcl	138
8	134	á¼¥Î¼Î¹ÏƒÏ…	ADJ	A-	Case=Acc|Degree=Pos|Gender=Neut|Number=Sing	á¼¥Î¼Î¹ÏƒÏ…Ï‚	obj	133
8	135	ÎºÎ±á½¶	CCONJ	C-		ÎºÎ±Î¯	cc	134
8	136	Î¸Îµá¿–Î¿Î½	NOUN	Nb	Case=Acc|Gender=Neut|Number=Sing	Î¸Îµá¿–Î¿Î½	obj	133
8	137	á¼„Ï€Ï…ÏÎ¿Î½	ADJ	A-	Case=Acc|Degree=Pos|Gender=Neut|Number=Sing	á¼„Ï€Ï…ÏÎ¿Ï‚	amod	136
8	138	,	PUNCT	Z		,	ROOT	138
8	139	ÎºÎ±á½¶	CCONJ	C-		ÎºÎ±Î¯	cc	140
8	140	Î¼Î¯Î³Î½Ï…Îµ	VERB	V-	Mood=Imp|Number=Sing|Person=2|Tense=Pres|VerbForm=Fin|Voice=Act	Î¼Î¯Î³Î½Ï…Îµ	ROOT	140
8	141	á¼€Î½á½°	ADP	R-		á¼€Î½Î¬	case	142
8	142	Î¼Î­ÏÎ¿Ï‚	NOUN	Nb	Case=Acc|Gender=Neut|Number=Sing	Î¼Î­ÏÎ¿Ï‚	obl	140
8	143	á¼¥Î¼Î¹ÏƒÏ…	ADJ	A-	Case=Acc|Degree=Pos|Gender=Neut|Number=Sing	á¼¥Î¼Î¹ÏƒÏ…Ï‚	amod	142
8	144	á¼Î½	ADP	R-		á¼Î½	case	145
8	145	Ï‡ÏÏƒÏ„Ïá¾³	NOUN	Nb	Case=Dat|Gender=Fem|Number=Sing	Ï‡ÏÏƒÏ„ÏÎ±	obl	140
8	146	á¼Ï€á½¶	ADP	R-		á¼Ï€Î¯	case	147
8	147	á¼¡Î¼Î­ÏÎ±Ï‚	NOUN	Nb	Case=Acc|Gender=Fem|Number=Plur	á¼¡Î¼Î­ÏÎ±	obl	140
8	148	Î²	NUM	Ma		Î‘Î’Î“	nummod	147
8	149	'	ADV	Df		'	fixed	148
8	150	Â·	PUNCT	Z		Â·	punct	140
8	151	Îµá¼¶Ï„Î±	ADV	Df		Îµá¼¶Ï„Î±	advmod	152
8	152	Î»ÎµÎ¯Î¿Ï…	VERB	V-	Mood=Imp|Number=Sing|Person=2|Tense=Pres|VerbForm=Fin|Voice=Act	Î»Îµá¿–Î¿Ï‚	ROOT	152
8	153	Ï„Î¿á¿¦Ï„Î¿	ADJ	Pd	Case=Acc|Gender=Neut|Number=Sing	Î¿á½—Ï„Î¿Ï‚	obj	152
8	154	Î¼ÎµÏ„á½°	ADP	R-		Î¼ÎµÏ„Î¬	case	155
8	155	Ï‡Î±Î»ÎºÎ¬Î½Î¸Î¿Ï…	NOUN	Nb	Case=Gen|Gender=Masc|Number=Sing	Ï‡Î±Î»ÎºÎ¬Î½Î¸Î¿Î½	obl	152
8	156	,	PUNCT	Z		,	obl	152
8	157	ÎºÎ±á½¶	CCONJ	C-		ÎºÎ±Î¯	cc	152
8	158	ÎºÎ·ÎºÎ®Î´Î¹Î½	ADJ	A-	Case=Acc|Degree=Pos|Gender=Neut|Number=Sing	ÎºÎ·ÎºÎ®Î´Î¹Î½	conj	152
8	159	á¼€Ï†Ïá¿·	NOUN	Nb	Case=Dat|Gender=Masc|Number=Sing	á¼€Ï†ÏÏŒÏ‚	obl	158
8	160	á¼´ÏƒÎ±	ADJ	A-	Case=Acc|Degree=Pos|Gender=Neut|Number=Plur	á¼´ÏƒÎ¿Ï‚	amod	158
8	161	Ï„Î­Ï‰Ï‚	ADV	Df		Ï„Î­Ï‰Ï‚	advmod	160
8	162	á¼¡Î¼Î­ÏÎ±Ï‚	NOUN	Nb	Case=Acc|Gender=Fem|Number=Plur	á¼¡Î¼Î­ÏÎ±	obl	160
8	163	Î³	ADV	Ma		Î‘Î’Î“	discourse	162
8	164	'	ADV	Df		'	obl	152
8	165	,	PUNCT	Z		,	obl	152
8	166	ÎºÎ±á½¶	CCONJ	C-		ÎºÎ±Î¯	cc	152
8	167	á½„Ï€Ï„Î±	VERB	V-	Mood=Imp|Number=Sing|Person=2|Tense=Pres|VerbForm=Fin|Voice=Act	á½€Ï€Ï„Î¬Ï‰	conj	152
8	168	,	PUNCT	Z		,	dep	152
8	169	ÎºÎ±á½¶	CCONJ	C-		ÎºÎ±Î¯	cc	152
8	170	á¼Ï€Î¯Î²Î±Î»Î»Îµ	VERB	V-	Mood=Imp|Number=Sing|Person=2|Tense=Pres|VerbForm=Fin|Voice=Act	á¼Ï€Î¹Î²Î¬Î»Î»Ï‰	conj	152
8	171	Ï‡ÏÏ…Ïƒá½¸Î½	NOUN	Nb	Case=Acc|Gender=Masc|Number=Sing	Ï‡ÏÏ…ÏƒÏŒÏ‚	obj	170
8	172	,	PUNCT	Z		,	dep	152
8	173	ÎºÎ±á½¶	CCONJ	C-		ÎºÎ±Î¯	cc	152
8	174	Î¼ÎµÎ»Î±Î½Ï‰Î¸Î®ÏƒÎµÏ„Î±Î¹	VERB	V-	Mood=Ind|Number=Sing|Person=3|Tense=Fut|VerbForm=Fin|Voice=Pass	Î¼ÎµÎ»Î±Î½Ï‰Î¸Î®ÏƒÎ¿Î¼Î±Î¹	conj	152
8	175	Ï„Î¿ÏÏ„Î¿Ï…	DET	Pd	Case=Gen|Gender=Masc|Number=Sing	Î¿á½—Ï„Î¿Ï‚	det	178
8	176	á¼“Î½	NUM	Ma	Case=Nom|Gender=Neut|Number=Sing	Îµá¼·Ï‚	nummod	178
8	177	á¼€ÏÎ³ÏÏÎ¿Ï…	NOUN	Nb	Case=Gen|Gender=Masc|Number=Sing	á¼„ÏÎ³Ï…ÏÎ¿Ï‚	nmod	178
8	178	Î¼Î­ÏÎ¿Ï‚	NOUN	Nb	Case=Nom|Gender=Neut|Number=Sing	Î¼Î­ÏÎ¿Ï‚	nsubj:pass	174
8	179	.	PUNCT	Z		.	punct	152
